Borough,2010CensusTract,PUMA,NTA_Code,NTA_Name
Bronx,31000,3704,BX31,Allerton-Pelham Gardens
Bronx,31200,3704,BX31,Allerton-Pelham Gardens
Bronx,31400,3704,BX31,Allerton-Pelham Gardens
Bronx,31600,3704,BX31,Allerton-Pelham Gardens
Bronx,31800,3704,BX31,Allerton-Pelham Gardens
Bronx,32600,3704,BX31,Allerton-Pelham Gardens
Bronx,34200,3704,BX31,Allerton-Pelham Gardens
Bronx,34400,3704,BX31,Allerton-Pelham Gardens
Bronx,34800,3704,BX31,Allerton-Pelham Gardens
Bronx,35000,3704,BX31,Allerton-Pelham Gardens
Bronx,36000,3704,BX31,Allerton-Pelham Gardens
Bronx,23702,3706,BX05,Bedford Park-Fordham North
Bronx,39901,3706,BX05,Bedford Park-Fordham North
Bronx,39902,3706,BX05,Bedford Park-Fordham North
Bronx,40100,3706,BX05,Bedford Park-Fordham North
Bronx,40302,3706,BX05,Bedford Park-Fordham North
Bronx,40501,3706,BX05,Bedford Park-Fordham North
Bronx,40502,3706,BX05,Bedford Park-Fordham North
Bronx,40702,3706,BX05,Bedford Park-Fordham North
Bronx,41100,3706,BX05,Bedford Park-Fordham North
Bronx,41300,3706,BX05,Bedford Park-Fordham North
Bronx,41500,3706,BX05,Bedford Park-Fordham North
Bronx,38700,3705,BX06,Belmont
Bronx,38900,3705,BX06,Belmont
Bronx,39100,3705,BX06,Belmont
Bronx,39300,3705,BX06,Belmont
Bronx,39700,3705,BX06,Belmont
Bronx,32400,3704,BX07,Bronxdale
Bronx,32800,3704,BX07,Bronxdale
Bronx,33000,3704,BX07,Bronxdale
Bronx,33201,3704,BX07,Bronxdale
Bronx,33202,3704,BX07,Bronxdale
Bronx,33600,3704,BX07,Bronxdale
Bronx,33800,3704,BX07,Bronxdale
Bronx,34000,3704,BX07,Bronxdale
Bronx,14500,3705,BX01,Claremont-Bathgate
Bronx,14701,3705,BX01,Claremont-Bathgate
Bronx,14702,3705,BX01,Claremont-Bathgate
Bronx,16500,3705,BX01,Claremont-Bathgate
Bronx,16700,3705,BX01,Claremont-Bathgate
Bronx,16900,3705,BX01,Claremont-Bathgate
Bronx,38500,3705,BX01,Claremont-Bathgate
Bronx,39500,3705,BX01,Claremont-Bathgate
Bronx,30200,3703,BX13,Co-op City
Bronx,46201,3703,BX13,Co-op City
Bronx,46202,3703,BX13,Co-op City
Bronx,6000,3705,BX75,Crotona Park East
Bronx,12300,3705,BX75,Crotona Park East
Bronx,15300,3705,BX75,Crotona Park East
Bronx,15500,3705,BX75,Crotona Park East
Bronx,15700,3705,BX75,Crotona Park East
Bronx,16100,3705,BX75,Crotona Park East
Bronx,5902,3708,BX14,East Concourse-Concourse Village
Bronx,6100,3708,BX14,East Concourse-Concourse Village
Bronx,14300,3708,BX14,East Concourse-Concourse Village
Bronx,17300,3708,BX14,East Concourse-Concourse Village
Bronx,17500,3708,BX14,East Concourse-Concourse Village
Bronx,17701,3708,BX14,East Concourse-Concourse Village
Bronx,17702,3708,BX14,East Concourse-Concourse Village
Bronx,17901,3708,BX14,East Concourse-Concourse Village
Bronx,17902,3708,BX14,East Concourse-Concourse Village
Bronx,18101,3708,BX14,East Concourse-Concourse Village
Bronx,18102,3708,BX14,East Concourse-Concourse Village
Bronx,18301,3708,BX14,East Concourse-Concourse Village
Bronx,18302,3708,BX14,East Concourse-Concourse Village
Bronx,22500,3708,BX14,East Concourse-Concourse Village
Bronx,22000,3705,BX17,East Tremont
Bronx,35900,3705,BX17,East Tremont
Bronx,36100,3705,BX17,East Tremont
Bronx,36300,3705,BX17,East Tremont
Bronx,36501,3705,BX17,East Tremont
Bronx,36502,3705,BX17,East Tremont
Bronx,36700,3705,BX17,East Tremont
Bronx,36901,3705,BX17,East Tremont
Bronx,36902,3705,BX17,East Tremont
Bronx,37100,3705,BX17,East Tremont
Bronx,37300,3705,BX17,East Tremont
Bronx,37504,3705,BX17,East Tremont
Bronx,35600,3702,BX03,Eastchester-Edenwald-Baychester
Bronx,35800,3702,BX03,Eastchester-Edenwald-Baychester
Bronx,36400,3702,BX03,Eastchester-Edenwald-Baychester
Bronx,38600,3702,BX03,Eastchester-Edenwald-Baychester
Bronx,45600,3702,BX03,Eastchester-Edenwald-Baychester
Bronx,45800,3702,BX03,Eastchester-Edenwald-Baychester
Bronx,46000,3702,BX03,Eastchester-Edenwald-Baychester
Bronx,48400,3702,BX03,Eastchester-Edenwald-Baychester
Bronx,23703,3707,BX40,Fordham South
Bronx,23704,3707,BX40,Fordham South
Bronx,23900,3707,BX40,Fordham South
Bronx,38301,3707,BX40,Fordham South
Bronx,38302,3707,BX40,Fordham South
Bronx,18900,3708,BX26,Highbridge
Bronx,19300,3708,BX26,Highbridge
Bronx,19900,3708,BX26,Highbridge
Bronx,20100,3708,BX26,Highbridge
Bronx,21100,3708,BX26,Highbridge
Bronx,21302,3708,BX26,Highbridge
Bronx,21900,3708,BX26,Highbridge
Bronx,8900,3710,BX27,Hunts Point
Bronx,9300,3710,BX27,Hunts Point
Bronx,11502,3710,BX27,Hunts Point
Bronx,11700,3710,BX27,Hunts Point
Bronx,11900,3710,BX27,Hunts Point
Bronx,12102,3710,BX27,Hunts Point
Bronx,12701,3710,BX27,Hunts Point
Bronx,15900,3710,BX27,Hunts Point
Bronx,25300,3706,BX30,Kingsbridge Heights
Bronx,25500,3706,BX30,Kingsbridge Heights
Bronx,26100,3706,BX30,Kingsbridge Heights
Bronx,26300,3706,BX30,Kingsbridge Heights
Bronx,26500,3706,BX30,Kingsbridge Heights
Bronx,26900,3706,BX30,Kingsbridge Heights
Bronx,8300,3710,BX33,Longwood
Bronx,8500,3710,BX33,Longwood
Bronx,8700,3710,BX33,Longwood
Bronx,12901,3710,BX33,Longwood
Bronx,13100,3710,BX33,Longwood
Bronx,6500,3710,BX34,Melrose South-Mott Haven North
Bronx,6700,3710,BX34,Melrose South-Mott Haven North
Bronx,6900,3710,BX34,Melrose South-Mott Haven North
Bronx,7100,3710,BX34,Melrose South-Mott Haven North
Bronx,7300,3710,BX34,Melrose South-Mott Haven North
Bronx,7500,3710,BX34,Melrose South-Mott Haven North
Bronx,7700,3710,BX34,Melrose South-Mott Haven North
Bronx,7900,3710,BX34,Melrose South-Mott Haven North
Bronx,12101,3705,BX35,Morrisania-Melrose
Bronx,12500,3705,BX35,Morrisania-Melrose
Bronx,13300,3705,BX35,Morrisania-Melrose
Bronx,13500,3705,BX35,Morrisania-Melrose
Bronx,14100,3705,BX35,Morrisania-Melrose
Bronx,14900,3705,BX35,Morrisania-Melrose
Bronx,15100,3705,BX35,Morrisania-Melrose
Bronx,18500,3705,BX35,Morrisania-Melrose
Bronx,1900,3710,BX39,Mott Haven-Port Morris
Bronx,2300,3710,BX39,Mott Haven-Port Morris
Bronx,2500,3710,BX39,Mott Haven-Port Morris
Bronx,2701,3710,BX39,Mott Haven-Port Morris
Bronx,2702,3710,BX39,Mott Haven-Port Morris
Bronx,3100,3710,BX39,Mott Haven-Port Morris
Bronx,3300,3710,BX39,Mott Haven-Port Morris
Bronx,3500,3710,BX39,Mott Haven-Port Morris
Bronx,3700,3710,BX39,Mott Haven-Port Morris
Bronx,3900,3710,BX39,Mott Haven-Port Morris
Bronx,4100,3710,BX39,Mott Haven-Port Morris
Bronx,4300,3710,BX39,Mott Haven-Port Morris
Bronx,5100,3710,BX39,Mott Haven-Port Morris
Bronx,22701,3707,BX41,Mount Hope
Bronx,22702,3707,BX41,Mount Hope
Bronx,22703,3707,BX41,Mount Hope
Bronx,22901,3707,BX41,Mount Hope
Bronx,22902,3707,BX41,Mount Hope
Bronx,23100,3707,BX41,Mount Hope
Bronx,23301,3707,BX41,Mount Hope
Bronx,23302,3707,BX41,Mount Hope
Bronx,23501,3707,BX41,Mount Hope
Bronx,23502,3707,BX41,Mount Hope
Bronx,24100,3707,BX41,Mount Hope
Bronx,37900,3707,BX41,Mount Hope
Bronx,38100,3707,BX41,Mount Hope
Bronx,30701,3701,BX22,North Riverdale-Fieldston-Riverdale
Bronx,30900,3701,BX22,North Riverdale-Fieldston-Riverdale
Bronx,31900,3701,BX22,North Riverdale-Fieldston-Riverdale
Bronx,32300,3701,BX22,North Riverdale-Fieldston-Riverdale
Bronx,33500,3701,BX22,North Riverdale-Fieldston-Riverdale
Bronx,33700,3701,BX22,North Riverdale-Fieldston-Riverdale
Bronx,34300,3701,BX22,North Riverdale-Fieldston-Riverdale
Bronx,34500,3701,BX22,North Riverdale-Fieldston-Riverdale
Bronx,35100,3701,BX22,North Riverdale-Fieldston-Riverdale
Bronx,41900,3706,BX43,Norwood
Bronx,42100,3706,BX43,Norwood
Bronx,42300,3706,BX43,Norwood
Bronx,42500,3706,BX43,Norwood
Bronx,42901,3706,BX43,Norwood
Bronx,42902,3706,BX43,Norwood
Bronx,43100,3706,BX43,Norwood
Bronx,2400,3709,BX99,park-cemetery-etc-Bronx
Bronx,16300,3705,BX99,park-cemetery-etc-Bronx
Bronx,17100,3708,BX99,park-cemetery-etc-Bronx
Bronx,27600,3703,BX99,park-cemetery-etc-Bronx
Bronx,33400,3705,BX99,park-cemetery-etc-Bronx
Bronx,43500,3702,BX99,park-cemetery-etc-Bronx
Bronx,50400,3703,BX99,park-cemetery-etc-Bronx
Bronx,21001,3709,BX46,Parkchester
Bronx,21002,3709,BX46,Parkchester
Bronx,21200,3709,BX46,Parkchester
Bronx,21602,3709,BX46,Parkchester
Bronx,22200,3709,BX46,Parkchester
Bronx,26601,3703,BX10,Pelham Bay-Country Club-City Island
Bronx,26602,3703,BX10,Pelham Bay-Country Club-City Island
Bronx,27401,3703,BX10,Pelham Bay-Country Club-City Island
Bronx,27402,3703,BX10,Pelham Bay-Country Club-City Island
Bronx,30000,3703,BX10,Pelham Bay-Country Club-City Island
Bronx,51600,3703,BX10,Pelham Bay-Country Club-City Island
Bronx,22401,3704,BX49,Pelham Parkway
Bronx,22403,3704,BX49,Pelham Parkway
Bronx,22404,3704,BX49,Pelham Parkway
Bronx,22800,3704,BX49,Pelham Parkway
Bronx,24600,3704,BX49,Pelham Parkway
Bronx,24800,3704,BX49,Pelham Parkway
Bronx,25000,3704,BX49,Pelham Parkway
Bronx,28800,3704,BX49,Pelham Parkway
Bronx,29600,3704,BX49,Pelham Parkway
Bronx,100,3710,BX98,Rikers Island
Bronx,11000,3703,BX52,Schuylerville-Throgs Neck-Edgewater Park
Bronx,11800,3703,BX52,Schuylerville-Throgs Neck-Edgewater Park
Bronx,13000,3703,BX52,Schuylerville-Throgs Neck-Edgewater Park
Bronx,13200,3703,BX52,Schuylerville-Throgs Neck-Edgewater Park
Bronx,13800,3703,BX52,Schuylerville-Throgs Neck-Edgewater Park
Bronx,14400,3703,BX52,Schuylerville-Throgs Neck-Edgewater Park
Bronx,15200,3703,BX52,Schuylerville-Throgs Neck-Edgewater Park
Bronx,15800,3703,BX52,Schuylerville-Throgs Neck-Edgewater Park
Bronx,16000,3703,BX52,Schuylerville-Throgs Neck-Edgewater Park
Bronx,16200,3703,BX52,Schuylerville-Throgs Neck-Edgewater Park
Bronx,16400,3703,BX52,Schuylerville-Throgs Neck-Edgewater Park
Bronx,16600,3703,BX52,Schuylerville-Throgs Neck-Edgewater Park
Bronx,18400,3703,BX52,Schuylerville-Throgs Neck-Edgewater Park
Bronx,19400,3703,BX52,Schuylerville-Throgs Neck-Edgewater Park
Bronx,26400,3703,BX52,Schuylerville-Throgs Neck-Edgewater Park
Bronx,4001,3709,BX55,Soundview-Bruckner
Bronx,4400,3709,BX55,Soundview-Bruckner
Bronx,4800,3709,BX55,Soundview-Bruckner
Bronx,5001,3709,BX55,Soundview-Bruckner
Bronx,5002,3709,BX55,Soundview-Bruckner
Bronx,5200,3709,BX55,Soundview-Bruckner
Bronx,6800,3709,BX55,Soundview-Bruckner
Bronx,7000,3709,BX55,Soundview-Bruckner
Bronx,7200,3709,BX55,Soundview-Bruckner
Bronx,200,3709,BX09,Soundview-Castle Hill-Clason Point-Harding Park
Bronx,400,3709,BX09,Soundview-Castle Hill-Clason Point-Harding Park
Bronx,1600,3709,BX09,Soundview-Castle Hill-Clason Point-Harding Park
Bronx,2000,3709,BX09,Soundview-Castle Hill-Clason Point-Harding Park
Bronx,2800,3709,BX09,Soundview-Castle Hill-Clason Point-Harding Park
Bronx,3800,3709,BX09,Soundview-Castle Hill-Clason Point-Harding Park
Bronx,4200,3709,BX09,Soundview-Castle Hill-Clason Point-Harding Park
Bronx,4600,3709,BX09,Soundview-Castle Hill-Clason Point-Harding Park
Bronx,7400,3709,BX09,Soundview-Castle Hill-Clason Point-Harding Park
Bronx,8400,3709,BX09,Soundview-Castle Hill-Clason Point-Harding Park
Bronx,8600,3709,BX09,Soundview-Castle Hill-Clason Point-Harding Park
Bronx,9000,3709,BX09,Soundview-Castle Hill-Clason Point-Harding Park
Bronx,28300,3701,BX29,Spuyten Duyvil-Kingsbridge
Bronx,28500,3701,BX29,Spuyten Duyvil-Kingsbridge
Bronx,28700,3701,BX29,Spuyten Duyvil-Kingsbridge
Bronx,28900,3701,BX29,Spuyten Duyvil-Kingsbridge
Bronx,29301,3701,BX29,Spuyten Duyvil-Kingsbridge
Bronx,29302,3701,BX29,Spuyten Duyvil-Kingsbridge
Bronx,29500,3701,BX29,Spuyten Duyvil-Kingsbridge
Bronx,29700,3701,BX29,Spuyten Duyvil-Kingsbridge
Bronx,30100,3701,BX29,Spuyten Duyvil-Kingsbridge
Bronx,5300,3707,BX36,University Heights-Morris Heights
Bronx,20501,3707,BX36,University Heights-Morris Heights
Bronx,20502,3707,BX36,University Heights-Morris Heights
Bronx,21301,3707,BX36,University Heights-Morris Heights
Bronx,21501,3707,BX36,University Heights-Morris Heights
Bronx,21502,3707,BX36,University Heights-Morris Heights
Bronx,21700,3707,BX36,University Heights-Morris Heights
Bronx,24300,3707,BX36,University Heights-Morris Heights
Bronx,24501,3707,BX36,University Heights-Morris Heights
Bronx,24502,3707,BX36,University Heights-Morris Heights
Bronx,24700,3707,BX36,University Heights-Morris Heights
Bronx,24900,3707,BX36,University Heights-Morris Heights
Bronx,25100,3707,BX36,University Heights-Morris Heights
Bronx,25700,3707,BX36,University Heights-Morris Heights
Bronx,26701,3701,BX28,Van Cortlandt Village
Bronx,26702,3701,BX28,Van Cortlandt Village
Bronx,27300,3701,BX28,Van Cortlandt Village
Bronx,27700,3701,BX28,Van Cortlandt Village
Bronx,27900,3701,BX28,Van Cortlandt Village
Bronx,28100,3701,BX28,Van Cortlandt Village
Bronx,40303,3701,BX28,Van Cortlandt Village
Bronx,40304,3701,BX28,Van Cortlandt Village
Bronx,40701,3701,BX28,Van Cortlandt Village
Bronx,40900,3701,BX28,Van Cortlandt Village
Bronx,20000,3704,BX37,Van Nest-Morris Park-Westchester Square
Bronx,23000,3704,BX37,Van Nest-Morris Park-Westchester Square
Bronx,23200,3704,BX37,Van Nest-Morris Park-Westchester Square
Bronx,23600,3704,BX37,Van Nest-Morris Park-Westchester Square
Bronx,23800,3704,BX37,Van Nest-Morris Park-Westchester Square
Bronx,24000,3704,BX37,Van Nest-Morris Park-Westchester Square
Bronx,24400,3704,BX37,Van Nest-Morris Park-Westchester Square
Bronx,25200,3704,BX37,Van Nest-Morris Park-Westchester Square
Bronx,25400,3704,BX37,Van Nest-Morris Park-Westchester Square
Bronx,25600,3704,BX37,Van Nest-Morris Park-Westchester Square
Bronx,28400,3704,BX37,Van Nest-Morris Park-Westchester Square
Bronx,28600,3704,BX37,Van Nest-Morris Park-Westchester Square
Bronx,6300,3708,BX63,West Concourse
Bronx,19500,3708,BX63,West Concourse
Bronx,19700,3708,BX63,West Concourse
Bronx,20900,3708,BX63,West Concourse
Bronx,22101,3708,BX63,West Concourse
Bronx,22102,3708,BX63,West Concourse
Bronx,22300,3708,BX63,West Concourse
Bronx,5400,3709,BX08,West Farms-Bronx River
Bronx,5600,3709,BX08,West Farms-Bronx River
Bronx,6200,3709,BX08,West Farms-Bronx River
Bronx,6400,3709,BX08,West Farms-Bronx River
Bronx,7600,3709,BX08,West Farms-Bronx River
Bronx,21601,3709,BX08,West Farms-Bronx River
Bronx,21800,3709,BX08,West Farms-Bronx River
Bronx,7800,3709,BX59,Westchester-Unionport
Bronx,9200,3709,BX59,Westchester-Unionport
Bronx,9600,3709,BX59,Westchester-Unionport
Bronx,9800,3709,BX59,Westchester-Unionport
Bronx,20200,3709,BX59,Westchester-Unionport
Bronx,20400,3709,BX59,Westchester-Unionport
Bronx,20601,3709,BX59,Westchester-Unionport
Bronx,36800,3702,BX44,Williamsbridge-Olinville
Bronx,37000,3702,BX44,Williamsbridge-Olinville
Bronx,37200,3702,BX44,Williamsbridge-Olinville
Bronx,37400,3702,BX44,Williamsbridge-Olinville
Bronx,37600,3702,BX44,Williamsbridge-Olinville
Bronx,37800,3702,BX44,Williamsbridge-Olinville
Bronx,38000,3702,BX44,Williamsbridge-Olinville
Bronx,38200,3702,BX44,Williamsbridge-Olinville
Bronx,38800,3702,BX44,Williamsbridge-Olinville
Bronx,39000,3702,BX44,Williamsbridge-Olinville
Bronx,39200,3702,BX44,Williamsbridge-Olinville
Bronx,39400,3702,BX44,Williamsbridge-Olinville
Bronx,39600,3702,BX44,Williamsbridge-Olinville
Bronx,39800,3702,BX44,Williamsbridge-Olinville
Bronx,40400,3702,BX44,Williamsbridge-Olinville
Bronx,40600,3702,BX44,Williamsbridge-Olinville
Bronx,40800,3702,BX44,Williamsbridge-Olinville
Bronx,42000,3702,BX44,Williamsbridge-Olinville
Bronx,42200,3702,BX44,Williamsbridge-Olinville
Bronx,42400,3702,BX44,Williamsbridge-Olinville
Bronx,41400,3702,BX62,Woodlawn-Wakefield
Bronx,41800,3702,BX62,Woodlawn-Wakefield
Bronx,42600,3702,BX62,Woodlawn-Wakefield
Bronx,42800,3702,BX62,Woodlawn-Wakefield
Bronx,43000,3702,BX62,Woodlawn-Wakefield
Bronx,43400,3702,BX62,Woodlawn-Wakefield
Bronx,43600,3702,BX62,Woodlawn-Wakefield
Bronx,44200,3702,BX62,Woodlawn-Wakefield
Bronx,44400,3702,BX62,Woodlawn-Wakefield
Bronx,44800,3702,BX62,Woodlawn-Wakefield
Bronx,44901,3702,BX62,Woodlawn-Wakefield
Bronx,44902,3702,BX62,Woodlawn-Wakefield
Bronx,45101,3702,BX62,Woodlawn-Wakefield
Bronx,45102,3702,BX62,Woodlawn-Wakefield
Brooklyn,16800,4017,BK27,Bath Beach
Brooklyn,17000,4017,BK27,Bath Beach
Brooklyn,17200,4017,BK27,Bath Beach
Brooklyn,17400,4017,BK27,Bath Beach
Brooklyn,17600,4017,BK27,Bath Beach
Brooklyn,17800,4017,BK27,Bath Beach
Brooklyn,18000,4017,BK27,Bath Beach
Brooklyn,28000,4017,BK27,Bath Beach
Brooklyn,28200,4017,BK27,Bath Beach
Brooklyn,28600,4017,BK27,Bath Beach
Brooklyn,29200,4017,BK27,Bath Beach
Brooklyn,3000,4013,BK31,Bay Ridge
Brooklyn,3400,4013,BK31,Bay Ridge
Brooklyn,3600,4013,BK31,Bay Ridge
Brooklyn,3800,4013,BK31,Bay Ridge
Brooklyn,4400,4013,BK31,Bay Ridge
Brooklyn,4600,4013,BK31,Bay Ridge
Brooklyn,5000,4013,BK31,Bay Ridge
Brooklyn,5201,4013,BK31,Bay Ridge
Brooklyn,5202,4013,BK31,Bay Ridge
Brooklyn,5400,4013,BK31,Bay Ridge
Brooklyn,5601,4013,BK31,Bay Ridge
Brooklyn,5602,4013,BK31,Bay Ridge
Brooklyn,5800,4013,BK31,Bay Ridge
Brooklyn,6000,4013,BK31,Bay Ridge
Brooklyn,6200,4013,BK31,Bay Ridge
Brooklyn,6400,4013,BK31,Bay Ridge
Brooklyn,6600,4013,BK31,Bay Ridge
Brooklyn,6800,4013,BK31,Bay Ridge
Brooklyn,7000,4013,BK31,Bay Ridge
Brooklyn,12600,4013,BK31,Bay Ridge
Brooklyn,13000,4013,BK31,Bay Ridge
Brooklyn,13400,4013,BK31,Bay Ridge
Brooklyn,13600,4013,BK31,Bay Ridge
Brooklyn,13800,4013,BK31,Bay Ridge
Brooklyn,14200,4013,BK31,Bay Ridge
Brooklyn,16000,4013,BK31,Bay Ridge
Brooklyn,16200,4013,BK31,Bay Ridge
Brooklyn,16400,4013,BK31,Bay Ridge
Brooklyn,23300,4003,BK75,Bedford
Brooklyn,24100,4003,BK75,Bedford
Brooklyn,24300,4003,BK75,Bedford
Brooklyn,24500,4003,BK75,Bedford
Brooklyn,24900,4003,BK75,Bedford
Brooklyn,25100,4003,BK75,Bedford
Brooklyn,25300,4003,BK75,Bedford
Brooklyn,25500,4003,BK75,Bedford
Brooklyn,25700,4003,BK75,Bedford
Brooklyn,25901,4003,BK75,Bedford
Brooklyn,25902,4003,BK75,Bedford
Brooklyn,26100,4003,BK75,Bedford
Brooklyn,26300,4003,BK75,Bedford
Brooklyn,26500,4003,BK75,Bedford
Brooklyn,26700,4003,BK75,Bedford
Brooklyn,26900,4003,BK75,Bedford
Brooklyn,50700,4003,BK75,Bedford
Brooklyn,53100,4003,BK75,Bedford
Brooklyn,123700,4003,BK75,Bedford
Brooklyn,29800,4017,BK29,Bensonhurst East
Brooklyn,30000,4017,BK29,Bensonhurst East
Brooklyn,30200,4017,BK29,Bensonhurst East
Brooklyn,30400,4017,BK29,Bensonhurst East
Brooklyn,40000,4017,BK29,Bensonhurst East
Brooklyn,40200,4017,BK29,Bensonhurst East
Brooklyn,40400,4017,BK29,Bensonhurst East
Brooklyn,40600,4017,BK29,Bensonhurst East
Brooklyn,40800,4017,BK29,Bensonhurst East
Brooklyn,41000,4017,BK29,Bensonhurst East
Brooklyn,41200,4017,BK29,Bensonhurst East
Brooklyn,42400,4017,BK29,Bensonhurst East
Brooklyn,42600,4017,BK29,Bensonhurst East
Brooklyn,42800,4017,BK29,Bensonhurst East
Brooklyn,43000,4017,BK29,Bensonhurst East
Brooklyn,43200,4017,BK29,Bensonhurst East
Brooklyn,43400,4017,BK29,Bensonhurst East
Brooklyn,43600,4017,BK29,Bensonhurst East
Brooklyn,18200,4017,BK28,Bensonhurst West
Brooklyn,18400,4017,BK28,Bensonhurst West
Brooklyn,18600,4017,BK28,Bensonhurst West
Brooklyn,18800,4017,BK28,Bensonhurst West
Brooklyn,19000,4017,BK28,Bensonhurst West
Brooklyn,24800,4017,BK28,Bensonhurst West
Brooklyn,25000,4017,BK28,Bensonhurst West
Brooklyn,25200,4017,BK28,Bensonhurst West
Brooklyn,25400,4017,BK28,Bensonhurst West
Brooklyn,25600,4017,BK28,Bensonhurst West
Brooklyn,25800,4017,BK28,Bensonhurst West
Brooklyn,26000,4017,BK28,Bensonhurst West
Brooklyn,26200,4017,BK28,Bensonhurst West
Brooklyn,26400,4017,BK28,Bensonhurst West
Brooklyn,26600,4017,BK28,Bensonhurst West
Brooklyn,26800,4017,BK28,Bensonhurst West
Brooklyn,27000,4017,BK28,Bensonhurst West
Brooklyn,27200,4017,BK28,Bensonhurst West
Brooklyn,27400,4017,BK28,Bensonhurst West
Brooklyn,27600,4017,BK28,Bensonhurst West
Brooklyn,27800,4017,BK28,Bensonhurst West
Brooklyn,28400,4017,BK28,Bensonhurst West
Brooklyn,28800,4017,BK28,Bensonhurst West
Brooklyn,29000,4017,BK28,Bensonhurst West
Brooklyn,29400,4017,BK28,Bensonhurst West
Brooklyn,29600,4017,BK28,Bensonhurst West
Brooklyn,11400,4014,BK88,Borough Park
Brooklyn,11600,4014,BK88,Borough Park
Brooklyn,19200,4014,BK88,Borough Park
Brooklyn,21400,4014,BK88,Borough Park
Brooklyn,21600,4014,BK88,Borough Park
Brooklyn,21800,4014,BK88,Borough Park
Brooklyn,22000,4014,BK88,Borough Park
Brooklyn,22200,4014,BK88,Borough Park
Brooklyn,22400,4014,BK88,Borough Park
Brooklyn,22600,4014,BK88,Borough Park
Brooklyn,22800,4014,BK88,Borough Park
Brooklyn,23000,4014,BK88,Borough Park
Brooklyn,23200,4014,BK88,Borough Park
Brooklyn,23400,4014,BK88,Borough Park
Brooklyn,23600,4014,BK88,Borough Park
Brooklyn,23800,4014,BK88,Borough Park
Brooklyn,24000,4014,BK88,Borough Park
Brooklyn,24200,4014,BK88,Borough Park
Brooklyn,24400,4014,BK88,Borough Park
Brooklyn,24600,4014,BK88,Borough Park
Brooklyn,44600,4014,BK88,Borough Park
Brooklyn,46400,4014,BK88,Borough Park
Brooklyn,46800,4014,BK88,Borough Park
Brooklyn,47000,4014,BK88,Borough Park
Brooklyn,47200,4014,BK88,Borough Park
Brooklyn,47400,4014,BK88,Borough Park
Brooklyn,47600,4014,BK88,Borough Park
Brooklyn,47800,4014,BK88,Borough Park
Brooklyn,36001,4018,BK19,Brighton Beach
Brooklyn,36002,4018,BK19,Brighton Beach
Brooklyn,36200,4018,BK19,Brighton Beach
Brooklyn,36400,4018,BK19,Brighton Beach
Brooklyn,36600,4018,BK19,Brighton Beach
Brooklyn,37000,4018,BK19,Brighton Beach
Brooklyn,61002,4018,BK19,Brighton Beach
Brooklyn,61003,4018,BK19,Brighton Beach
Brooklyn,61004,4018,BK19,Brighton Beach
Brooklyn,100,4004,BK09,Brooklyn Heights-Cobble Hill
Brooklyn,301,4004,BK09,Brooklyn Heights-Cobble Hill
Brooklyn,501,4004,BK09,Brooklyn Heights-Cobble Hill
Brooklyn,502,4004,BK09,Brooklyn Heights-Cobble Hill
Brooklyn,700,4004,BK09,Brooklyn Heights-Cobble Hill
Brooklyn,900,4004,BK09,Brooklyn Heights-Cobble Hill
Brooklyn,89200,4007,BK81,Brownsville
Brooklyn,89400,4007,BK81,Brownsville
Brooklyn,89600,4007,BK81,Brownsville
Brooklyn,89800,4007,BK81,Brownsville
Brooklyn,90000,4007,BK81,Brownsville
Brooklyn,90200,4007,BK81,Brownsville
Brooklyn,90600,4007,BK81,Brownsville
Brooklyn,90800,4007,BK81,Brownsville
Brooklyn,91000,4007,BK81,Brownsville
Brooklyn,91200,4007,BK81,Brownsville
Brooklyn,91600,4007,BK81,Brownsville
Brooklyn,91800,4007,BK81,Brownsville
Brooklyn,92000,4007,BK81,Brownsville
Brooklyn,92200,4007,BK81,Brownsville
Brooklyn,92400,4007,BK81,Brownsville
Brooklyn,40900,4002,BK77,Bushwick North
Brooklyn,42700,4002,BK77,Bushwick North
Brooklyn,42900,4002,BK77,Bushwick North
Brooklyn,43100,4002,BK77,Bushwick North
Brooklyn,43300,4002,BK77,Bushwick North
Brooklyn,43500,4002,BK77,Bushwick North
Brooklyn,43700,4002,BK77,Bushwick North
Brooklyn,43900,4002,BK77,Bushwick North
Brooklyn,44100,4002,BK77,Bushwick North
Brooklyn,44300,4002,BK77,Bushwick North
Brooklyn,44500,4002,BK77,Bushwick North
Brooklyn,44700,4002,BK77,Bushwick North
Brooklyn,45300,4002,BK77,Bushwick North
Brooklyn,28501,4002,BK78,Bushwick South
Brooklyn,38900,4002,BK78,Bushwick South
Brooklyn,39100,4002,BK78,Bushwick South
Brooklyn,39300,4002,BK78,Bushwick South
Brooklyn,39500,4002,BK78,Bushwick South
Brooklyn,39700,4002,BK78,Bushwick South
Brooklyn,39900,4002,BK78,Bushwick South
Brooklyn,40100,4002,BK78,Bushwick South
Brooklyn,40300,4002,BK78,Bushwick South
Brooklyn,40500,4002,BK78,Bushwick South
Brooklyn,41100,4002,BK78,Bushwick South
Brooklyn,41300,4002,BK78,Bushwick South
Brooklyn,41500,4002,BK78,Bushwick South
Brooklyn,41700,4002,BK78,Bushwick South
Brooklyn,41900,4002,BK78,Bushwick South
Brooklyn,42100,4002,BK78,Bushwick South
Brooklyn,42300,4002,BK78,Bushwick South
Brooklyn,42500,4002,BK78,Bushwick South
Brooklyn,48500,4002,BK78,Bushwick South
Brooklyn,48900,4002,BK78,Bushwick South
Brooklyn,49300,4002,BK78,Bushwick South
Brooklyn,95000,4009,BK50,Canarsie
Brooklyn,95400,4009,BK50,Canarsie
Brooklyn,95600,4009,BK50,Canarsie
Brooklyn,95800,4009,BK50,Canarsie
Brooklyn,96000,4009,BK50,Canarsie
Brooklyn,96200,4009,BK50,Canarsie
Brooklyn,96400,4009,BK50,Canarsie
Brooklyn,96600,4009,BK50,Canarsie
Brooklyn,96800,4009,BK50,Canarsie
Brooklyn,97000,4009,BK50,Canarsie
Brooklyn,97400,4009,BK50,Canarsie
Brooklyn,98200,4009,BK50,Canarsie
Brooklyn,98400,4009,BK50,Canarsie
Brooklyn,98600,4009,BK50,Canarsie
Brooklyn,98800,4009,BK50,Canarsie
Brooklyn,99000,4009,BK50,Canarsie
Brooklyn,99200,4009,BK50,Canarsie
Brooklyn,99400,4009,BK50,Canarsie
Brooklyn,99600,4009,BK50,Canarsie
Brooklyn,99800,4009,BK50,Canarsie
Brooklyn,100400,4009,BK50,Canarsie
Brooklyn,100600,4009,BK50,Canarsie
Brooklyn,100800,4009,BK50,Canarsie
Brooklyn,101000,4009,BK50,Canarsie
Brooklyn,101200,4009,BK50,Canarsie
Brooklyn,101400,4009,BK50,Canarsie
Brooklyn,101600,4009,BK50,Canarsie
Brooklyn,101800,4009,BK50,Canarsie
Brooklyn,102000,4009,BK50,Canarsie
Brooklyn,102200,4009,BK50,Canarsie
Brooklyn,102400,4009,BK50,Canarsie
Brooklyn,102600,4009,BK50,Canarsie
Brooklyn,102800,4009,BK50,Canarsie
Brooklyn,103400,4009,BK50,Canarsie
Brooklyn,4500,4005,BK33,Carroll Gardens-Columbia Street-Red Hook
Brooklyn,4700,4005,BK33,Carroll Gardens-Columbia Street-Red Hook
Brooklyn,4900,4005,BK33,Carroll Gardens-Columbia Street-Red Hook
Brooklyn,5100,4005,BK33,Carroll Gardens-Columbia Street-Red Hook
Brooklyn,5300,4005,BK33,Carroll Gardens-Columbia Street-Red Hook
Brooklyn,5900,4005,BK33,Carroll Gardens-Columbia Street-Red Hook
Brooklyn,6300,4005,BK33,Carroll Gardens-Columbia Street-Red Hook
Brooklyn,6500,4005,BK33,Carroll Gardens-Columbia Street-Red Hook
Brooklyn,6700,4005,BK33,Carroll Gardens-Columbia Street-Red Hook
Brooklyn,7500,4005,BK33,Carroll Gardens-Columbia Street-Red Hook
Brooklyn,7700,4005,BK33,Carroll Gardens-Columbia Street-Red Hook
Brooklyn,8500,4005,BK33,Carroll Gardens-Columbia Street-Red Hook
Brooklyn,19100,4004,BK69,Clinton Hill
Brooklyn,19300,4004,BK69,Clinton Hill
Brooklyn,19500,4004,BK69,Clinton Hill
Brooklyn,19700,4004,BK69,Clinton Hill
Brooklyn,19900,4004,BK69,Clinton Hill
Brooklyn,20100,4004,BK69,Clinton Hill
Brooklyn,22700,4004,BK69,Clinton Hill
Brooklyn,22900,4004,BK69,Clinton Hill
Brooklyn,23100,4004,BK69,Clinton Hill
Brooklyn,23500,4004,BK69,Clinton Hill
Brooklyn,21700,4006,BK61,Crown Heights North
Brooklyn,21900,4006,BK61,Crown Heights North
Brooklyn,22100,4006,BK61,Crown Heights North
Brooklyn,24700,4006,BK61,Crown Heights North
Brooklyn,27100,4006,BK61,Crown Heights North
Brooklyn,29700,4006,BK61,Crown Heights North
Brooklyn,29900,4006,BK61,Crown Heights North
Brooklyn,30500,4006,BK61,Crown Heights North
Brooklyn,30700,4006,BK61,Crown Heights North
Brooklyn,30900,4006,BK61,Crown Heights North
Brooklyn,31100,4006,BK61,Crown Heights North
Brooklyn,31300,4006,BK61,Crown Heights North
Brooklyn,31500,4006,BK61,Crown Heights North
Brooklyn,31701,4006,BK61,Crown Heights North
Brooklyn,31702,4006,BK61,Crown Heights North
Brooklyn,33700,4006,BK61,Crown Heights North
Brooklyn,33900,4006,BK61,Crown Heights North
Brooklyn,34100,4006,BK61,Crown Heights North
Brooklyn,34300,4006,BK61,Crown Heights North
Brooklyn,34500,4006,BK61,Crown Heights North
Brooklyn,34700,4006,BK61,Crown Heights North
Brooklyn,34900,4006,BK61,Crown Heights North
Brooklyn,35100,4006,BK61,Crown Heights North
Brooklyn,35300,4006,BK61,Crown Heights North
Brooklyn,35700,4006,BK61,Crown Heights North
Brooklyn,35900,4006,BK61,Crown Heights North
Brooklyn,38100,4006,BK61,Crown Heights North
Brooklyn,21300,4011,BK63,Crown Heights South
Brooklyn,31900,4011,BK63,Crown Heights South
Brooklyn,32100,4011,BK63,Crown Heights South
Brooklyn,32300,4011,BK63,Crown Heights South
Brooklyn,32500,4011,BK63,Crown Heights South
Brooklyn,33100,4011,BK63,Crown Heights South
Brooklyn,33300,4011,BK63,Crown Heights South
Brooklyn,33500,4011,BK63,Crown Heights South
Brooklyn,35500,4011,BK63,Crown Heights South
Brooklyn,114201,4008,BK83,Cypress Hills-City Line
Brooklyn,114202,4008,BK83,Cypress Hills-City Line
Brooklyn,114600,4008,BK83,Cypress Hills-City Line
Brooklyn,117201,4008,BK83,Cypress Hills-City Line
Brooklyn,117202,4008,BK83,Cypress Hills-City Line
Brooklyn,117400,4008,BK83,Cypress Hills-City Line
Brooklyn,117601,4008,BK83,Cypress Hills-City Line
Brooklyn,117602,4008,BK83,Cypress Hills-City Line
Brooklyn,117800,4008,BK83,Cypress Hills-City Line
Brooklyn,118201,4008,BK83,Cypress Hills-City Line
Brooklyn,118202,4008,BK83,Cypress Hills-City Line
Brooklyn,118400,4008,BK83,Cypress Hills-City Line
Brooklyn,118600,4008,BK83,Cypress Hills-City Line
Brooklyn,118800,4008,BK83,Cypress Hills-City Line
Brooklyn,119000,4008,BK83,Cypress Hills-City Line
Brooklyn,120200,4008,BK83,Cypress Hills-City Line
Brooklyn,1100,4004,BK38,DUMBO-Vinegar Hill-Downtown Brooklyn-Boerum Hill
Brooklyn,1300,4004,BK38,DUMBO-Vinegar Hill-Downtown Brooklyn-Boerum Hill
Brooklyn,1500,4004,BK38,DUMBO-Vinegar Hill-Downtown Brooklyn-Boerum Hill
Brooklyn,2100,4004,BK38,DUMBO-Vinegar Hill-Downtown Brooklyn-Boerum Hill
Brooklyn,2300,4004,BK38,DUMBO-Vinegar Hill-Downtown Brooklyn-Boerum Hill
Brooklyn,3700,4004,BK38,DUMBO-Vinegar Hill-Downtown Brooklyn-Boerum Hill
Brooklyn,3900,4004,BK38,DUMBO-Vinegar Hill-Downtown Brooklyn-Boerum Hill
Brooklyn,4100,4004,BK38,DUMBO-Vinegar Hill-Downtown Brooklyn-Boerum Hill
Brooklyn,4300,4004,BK38,DUMBO-Vinegar Hill-Downtown Brooklyn-Boerum Hill
Brooklyn,6900,4004,BK38,DUMBO-Vinegar Hill-Downtown Brooklyn-Boerum Hill
Brooklyn,7100,4004,BK38,DUMBO-Vinegar Hill-Downtown Brooklyn-Boerum Hill
Brooklyn,12700,4004,BK38,DUMBO-Vinegar Hill-Downtown Brooklyn-Boerum Hill
Brooklyn,12801,4013,BK30,Dyker Heights
Brooklyn,13200,4013,BK30,Dyker Heights
Brooklyn,14000,4013,BK30,Dyker Heights
Brooklyn,14800,4013,BK30,Dyker Heights
Brooklyn,15000,4013,BK30,Dyker Heights
Brooklyn,15200,4013,BK30,Dyker Heights
Brooklyn,16600,4013,BK30,Dyker Heights
Brooklyn,19400,4013,BK30,Dyker Heights
Brooklyn,19600,4013,BK30,Dyker Heights
Brooklyn,19800,4013,BK30,Dyker Heights
Brooklyn,20000,4013,BK30,Dyker Heights
Brooklyn,20200,4013,BK30,Dyker Heights
Brooklyn,20400,4013,BK30,Dyker Heights
Brooklyn,20600,4013,BK30,Dyker Heights
Brooklyn,20800,4013,BK30,Dyker Heights
Brooklyn,21000,4013,BK30,Dyker Heights
Brooklyn,21200,4013,BK30,Dyker Heights
Brooklyn,78000,4010,BK91,East Flatbush-Farragut
Brooklyn,78200,4010,BK91,East Flatbush-Farragut
Brooklyn,78400,4010,BK91,East Flatbush-Farragut
Brooklyn,81400,4010,BK91,East Flatbush-Farragut
Brooklyn,81600,4010,BK91,East Flatbush-Farragut
Brooklyn,83000,4010,BK91,East Flatbush-Farragut
Brooklyn,83200,4010,BK91,East Flatbush-Farragut
Brooklyn,83400,4010,BK91,East Flatbush-Farragut
Brooklyn,83600,4010,BK91,East Flatbush-Farragut
Brooklyn,83800,4010,BK91,East Flatbush-Farragut
Brooklyn,84000,4010,BK91,East Flatbush-Farragut
Brooklyn,85000,4010,BK91,East Flatbush-Farragut
Brooklyn,85400,4010,BK91,East Flatbush-Farragut
Brooklyn,85600,4010,BK91,East Flatbush-Farragut
Brooklyn,85800,4010,BK91,East Flatbush-Farragut
Brooklyn,86000,4010,BK91,East Flatbush-Farragut
Brooklyn,87000,4010,BK91,East Flatbush-Farragut
Brooklyn,87200,4010,BK91,East Flatbush-Farragut
Brooklyn,93200,4010,BK91,East Flatbush-Farragut
Brooklyn,107000,4008,BK82,East New York
Brooklyn,107800,4008,BK82,East New York
Brooklyn,109800,4008,BK82,East New York
Brooklyn,110400,4008,BK82,East New York
Brooklyn,110600,4008,BK82,East New York
Brooklyn,111000,4008,BK82,East New York
Brooklyn,111600,4008,BK82,East New York
Brooklyn,111800,4008,BK82,East New York
Brooklyn,112000,4008,BK82,East New York
Brooklyn,112400,4008,BK82,East New York
Brooklyn,115000,4008,BK82,East New York
Brooklyn,115200,4008,BK82,East New York
Brooklyn,116000,4008,BK82,East New York
Brooklyn,116200,4008,BK82,East New York
Brooklyn,116400,4008,BK82,East New York
Brooklyn,116600,4008,BK82,East New York
Brooklyn,116800,4008,BK82,East New York
Brooklyn,117000,4008,BK82,East New York
Brooklyn,119200,4008,BK82,East New York
Brooklyn,119400,4008,BK82,East New York
Brooklyn,119600,4008,BK82,East New York
Brooklyn,119800,4008,BK82,East New York
Brooklyn,120000,4008,BK82,East New York
Brooklyn,120800,4008,BK82,East New York
Brooklyn,121000,4008,BK82,East New York
Brooklyn,121400,4008,BK82,East New York
Brooklyn,122000,4008,BK82,East New York
Brooklyn,112200,4007,BK85,East New York (Pennsylvania Ave)
Brooklyn,112600,4007,BK85,East New York (Pennsylvania Ave)
Brooklyn,112800,4007,BK85,East New York (Pennsylvania Ave)
Brooklyn,113000,4007,BK85,East New York (Pennsylvania Ave)
Brooklyn,113200,4007,BK85,East New York (Pennsylvania Ave)
Brooklyn,113400,4007,BK85,East New York (Pennsylvania Ave)
Brooklyn,114400,4007,BK85,East New York (Pennsylvania Ave)
Brooklyn,115600,4007,BK85,East New York (Pennsylvania Ave)
Brooklyn,115800,4007,BK85,East New York (Pennsylvania Ave)
Brooklyn,44900,4001,BK90,East Williamsburg
Brooklyn,47700,4001,BK90,East Williamsburg
Brooklyn,48100,4001,BK90,East Williamsburg
Brooklyn,49100,4001,BK90,East Williamsburg
Brooklyn,49500,4001,BK90,East Williamsburg
Brooklyn,49700,4001,BK90,East Williamsburg
Brooklyn,50100,4001,BK90,East Williamsburg
Brooklyn,50300,4001,BK90,East Williamsburg
Brooklyn,50500,4001,BK90,East Williamsburg
Brooklyn,51100,4001,BK90,East Williamsburg
Brooklyn,79000,4010,BK95,Erasmus
Brooklyn,79200,4010,BK95,Erasmus
Brooklyn,79400,4010,BK95,Erasmus
Brooklyn,81800,4010,BK95,Erasmus
Brooklyn,82400,4010,BK95,Erasmus
Brooklyn,82600,4010,BK95,Erasmus
Brooklyn,82800,4010,BK95,Erasmus
Brooklyn,46000,4015,BK42,Flatbush
Brooklyn,46201,4015,BK42,Flatbush
Brooklyn,48000,4015,BK42,Flatbush
Brooklyn,48200,4015,BK42,Flatbush
Brooklyn,50600,4015,BK42,Flatbush
Brooklyn,50801,4015,BK42,Flatbush
Brooklyn,50803,4015,BK42,Flatbush
Brooklyn,50804,4015,BK42,Flatbush
Brooklyn,51001,4015,BK42,Flatbush
Brooklyn,51002,4015,BK42,Flatbush
Brooklyn,51200,4015,BK42,Flatbush
Brooklyn,51400,4015,BK42,Flatbush
Brooklyn,51601,4015,BK42,Flatbush
Brooklyn,51602,4015,BK42,Flatbush
Brooklyn,51800,4015,BK42,Flatbush
Brooklyn,52000,4015,BK42,Flatbush
Brooklyn,52600,4015,BK42,Flatbush
Brooklyn,52800,4015,BK42,Flatbush
Brooklyn,76400,4015,BK42,Flatbush
Brooklyn,76600,4015,BK42,Flatbush
Brooklyn,77000,4015,BK42,Flatbush
Brooklyn,77200,4015,BK42,Flatbush
Brooklyn,77400,4015,BK42,Flatbush
Brooklyn,78600,4015,BK42,Flatbush
Brooklyn,78800,4015,BK42,Flatbush
Brooklyn,152200,4015,BK42,Flatbush
Brooklyn,65000,4009,BK58,Flatlands
Brooklyn,67200,4009,BK58,Flatlands
Brooklyn,67400,4009,BK58,Flatlands
Brooklyn,67600,4009,BK58,Flatlands
Brooklyn,67800,4009,BK58,Flatlands
Brooklyn,68000,4009,BK58,Flatlands
Brooklyn,68200,4009,BK58,Flatlands
Brooklyn,68800,4009,BK58,Flatlands
Brooklyn,69000,4009,BK58,Flatlands
Brooklyn,69200,4009,BK58,Flatlands
Brooklyn,72000,4009,BK58,Flatlands
Brooklyn,72200,4009,BK58,Flatlands
Brooklyn,72400,4009,BK58,Flatlands
Brooklyn,72600,4009,BK58,Flatlands
Brooklyn,72800,4009,BK58,Flatlands
Brooklyn,73000,4009,BK58,Flatlands
Brooklyn,73200,4009,BK58,Flatlands
Brooklyn,73400,4009,BK58,Flatlands
Brooklyn,73600,4009,BK58,Flatlands
Brooklyn,73800,4009,BK58,Flatlands
Brooklyn,74000,4009,BK58,Flatlands
Brooklyn,74200,4009,BK58,Flatlands
Brooklyn,74400,4009,BK58,Flatlands
Brooklyn,74600,4009,BK58,Flatlands
Brooklyn,77600,4009,BK58,Flatlands
Brooklyn,94401,4009,BK58,Flatlands
Brooklyn,94402,4009,BK58,Flatlands
Brooklyn,2901,4004,BK68,Fort Greene
Brooklyn,3100,4004,BK68,Fort Greene
Brooklyn,3300,4004,BK68,Fort Greene
Brooklyn,3500,4004,BK68,Fort Greene
Brooklyn,17900,4004,BK68,Fort Greene
Brooklyn,18100,4004,BK68,Fort Greene
Brooklyn,18300,4004,BK68,Fort Greene
Brooklyn,18501,4004,BK68,Fort Greene
Brooklyn,18700,4004,BK68,Fort Greene
Brooklyn,21100,4004,BK68,Fort Greene
Brooklyn,63600,4009,BK45,Georgetown-Marine Park-Bergen Beach-Mill Basin
Brooklyn,64000,4009,BK45,Georgetown-Marine Park-Bergen Beach-Mill Basin
Brooklyn,64400,4009,BK45,Georgetown-Marine Park-Bergen Beach-Mill Basin
Brooklyn,64600,4009,BK45,Georgetown-Marine Park-Bergen Beach-Mill Basin
Brooklyn,64800,4009,BK45,Georgetown-Marine Park-Bergen Beach-Mill Basin
Brooklyn,65200,4009,BK45,Georgetown-Marine Park-Bergen Beach-Mill Basin
Brooklyn,65400,4009,BK45,Georgetown-Marine Park-Bergen Beach-Mill Basin
Brooklyn,65600,4009,BK45,Georgetown-Marine Park-Bergen Beach-Mill Basin
Brooklyn,65800,4009,BK45,Georgetown-Marine Park-Bergen Beach-Mill Basin
Brooklyn,66000,4009,BK45,Georgetown-Marine Park-Bergen Beach-Mill Basin
Brooklyn,66200,4009,BK45,Georgetown-Marine Park-Bergen Beach-Mill Basin
Brooklyn,67000,4009,BK45,Georgetown-Marine Park-Bergen Beach-Mill Basin
Brooklyn,68600,4009,BK45,Georgetown-Marine Park-Bergen Beach-Mill Basin
Brooklyn,69601,4009,BK45,Georgetown-Marine Park-Bergen Beach-Mill Basin
Brooklyn,69602,4009,BK45,Georgetown-Marine Park-Bergen Beach-Mill Basin
Brooklyn,69800,4009,BK45,Georgetown-Marine Park-Bergen Beach-Mill Basin
Brooklyn,70000,4009,BK45,Georgetown-Marine Park-Bergen Beach-Mill Basin
Brooklyn,70201,4009,BK45,Georgetown-Marine Park-Bergen Beach-Mill Basin
Brooklyn,70600,4009,BK45,Georgetown-Marine Park-Bergen Beach-Mill Basin
Brooklyn,30600,4018,BK26,Gravesend
Brooklyn,30800,4018,BK26,Gravesend
Brooklyn,31400,4018,BK26,Gravesend
Brooklyn,37401,4018,BK26,Gravesend
Brooklyn,37402,4018,BK26,Gravesend
Brooklyn,38200,4018,BK26,Gravesend
Brooklyn,38600,4018,BK26,Gravesend
Brooklyn,39800,4018,BK26,Gravesend
Brooklyn,49900,4001,BK76,Greenpoint
Brooklyn,56100,4001,BK76,Greenpoint
Brooklyn,56300,4001,BK76,Greenpoint
Brooklyn,56500,4001,BK76,Greenpoint
Brooklyn,56900,4001,BK76,Greenpoint
Brooklyn,57100,4001,BK76,Greenpoint
Brooklyn,57300,4001,BK76,Greenpoint
Brooklyn,57500,4001,BK76,Greenpoint
Brooklyn,57900,4001,BK76,Greenpoint
Brooklyn,58900,4001,BK76,Greenpoint
Brooklyn,59100,4001,BK76,Greenpoint
Brooklyn,59300,4001,BK76,Greenpoint
Brooklyn,38800,4016,BK25,Homecrest
Brooklyn,39000,4016,BK25,Homecrest
Brooklyn,39200,4016,BK25,Homecrest
Brooklyn,39400,4016,BK25,Homecrest
Brooklyn,39600,4016,BK25,Homecrest
Brooklyn,41401,4016,BK25,Homecrest
Brooklyn,41402,4016,BK25,Homecrest
Brooklyn,41600,4016,BK25,Homecrest
Brooklyn,41800,4016,BK25,Homecrest
Brooklyn,42000,4016,BK25,Homecrest
Brooklyn,42200,4016,BK25,Homecrest
Brooklyn,55400,4016,BK25,Homecrest
Brooklyn,55600,4016,BK25,Homecrest
Brooklyn,58200,4016,BK25,Homecrest
Brooklyn,58400,4016,BK25,Homecrest
Brooklyn,58800,4016,BK25,Homecrest
Brooklyn,48400,4014,BK41,Kensington-Ocean Parkway
Brooklyn,48600,4014,BK41,Kensington-Ocean Parkway
Brooklyn,48800,4014,BK41,Kensington-Ocean Parkway
Brooklyn,49000,4014,BK41,Kensington-Ocean Parkway
Brooklyn,49200,4014,BK41,Kensington-Ocean Parkway
Brooklyn,49400,4014,BK41,Kensington-Ocean Parkway
Brooklyn,49600,4014,BK41,Kensington-Ocean Parkway
Brooklyn,49800,4014,BK41,Kensington-Ocean Parkway
Brooklyn,54800,4016,BK44,Madison
Brooklyn,55000,4016,BK44,Madison
Brooklyn,55200,4016,BK44,Madison
Brooklyn,55800,4016,BK44,Madison
Brooklyn,56000,4016,BK44,Madison
Brooklyn,56200,4016,BK44,Madison
Brooklyn,56400,4016,BK44,Madison
Brooklyn,56600,4016,BK44,Madison
Brooklyn,56800,4016,BK44,Madison
Brooklyn,57400,4016,BK44,Madison
Brooklyn,57600,4016,BK44,Madison
Brooklyn,57800,4016,BK44,Madison
Brooklyn,58000,4016,BK44,Madison
Brooklyn,63800,4016,BK44,Madison
Brooklyn,64200,4016,BK44,Madison
Brooklyn,45600,4015,BK43,Midwood
Brooklyn,45800,4015,BK43,Midwood
Brooklyn,53000,4015,BK43,Midwood
Brooklyn,53200,4015,BK43,Midwood
Brooklyn,53400,4015,BK43,Midwood
Brooklyn,53800,4015,BK43,Midwood
Brooklyn,54200,4015,BK43,Midwood
Brooklyn,54400,4015,BK43,Midwood
Brooklyn,54600,4015,BK43,Midwood
Brooklyn,74800,4015,BK43,Midwood
Brooklyn,75000,4015,BK43,Midwood
Brooklyn,75200,4015,BK43,Midwood
Brooklyn,75400,4015,BK43,Midwood
Brooklyn,75600,4015,BK43,Midwood
Brooklyn,75800,4015,BK43,Midwood
Brooklyn,76000,4015,BK43,Midwood
Brooklyn,76200,4015,BK43,Midwood
Brooklyn,76800,4015,BK43,Midwood
Brooklyn,51300,4001,BK73,North Side-South Side
Brooklyn,51500,4001,BK73,North Side-South Side
Brooklyn,51700,4001,BK73,North Side-South Side
Brooklyn,51900,4001,BK73,North Side-South Side
Brooklyn,52300,4001,BK73,North Side-South Side
Brooklyn,52500,4001,BK73,North Side-South Side
Brooklyn,52700,4001,BK73,North Side-South Side
Brooklyn,54700,4001,BK73,North Side-South Side
Brooklyn,54900,4001,BK73,North Side-South Side
Brooklyn,55100,4001,BK73,North Side-South Side
Brooklyn,55300,4001,BK73,North Side-South Side
Brooklyn,55500,4001,BK73,North Side-South Side
Brooklyn,55700,4001,BK73,North Side-South Side
Brooklyn,30100,4007,BK79,Ocean Hill
Brooklyn,30300,4007,BK79,Ocean Hill
Brooklyn,36100,4007,BK79,Ocean Hill
Brooklyn,36300,4007,BK79,Ocean Hill
Brooklyn,36501,4007,BK79,Ocean Hill
Brooklyn,36502,4007,BK79,Ocean Hill
Brooklyn,36700,4007,BK79,Ocean Hill
Brooklyn,36900,4007,BK79,Ocean Hill
Brooklyn,37100,4007,BK79,Ocean Hill
Brooklyn,37300,4007,BK79,Ocean Hill
Brooklyn,43800,4014,BK46,Ocean Parkway South
Brooklyn,44000,4014,BK46,Ocean Parkway South
Brooklyn,44200,4014,BK46,Ocean Parkway South
Brooklyn,44400,4014,BK46,Ocean Parkway South
Brooklyn,44800,4014,BK46,Ocean Parkway South
Brooklyn,45000,4014,BK46,Ocean Parkway South
Brooklyn,45200,4014,BK46,Ocean Parkway South
Brooklyn,45400,4014,BK46,Ocean Parkway South
Brooklyn,46202,4014,BK46,Ocean Parkway South
Brooklyn,11700,4005,BK37,Park Slope-Gowanus
Brooklyn,11900,4005,BK37,Park Slope-Gowanus
Brooklyn,12100,4005,BK37,Park Slope-Gowanus
Brooklyn,12901,4005,BK37,Park Slope-Gowanus
Brooklyn,12902,4005,BK37,Park Slope-Gowanus
Brooklyn,13100,4005,BK37,Park Slope-Gowanus
Brooklyn,13300,4005,BK37,Park Slope-Gowanus
Brooklyn,13500,4005,BK37,Park Slope-Gowanus
Brooklyn,13700,4005,BK37,Park Slope-Gowanus
Brooklyn,13900,4005,BK37,Park Slope-Gowanus
Brooklyn,14100,4005,BK37,Park Slope-Gowanus
Brooklyn,14300,4005,BK37,Park Slope-Gowanus
Brooklyn,14900,4005,BK37,Park Slope-Gowanus
Brooklyn,15100,4005,BK37,Park Slope-Gowanus
Brooklyn,15300,4005,BK37,Park Slope-Gowanus
Brooklyn,15500,4005,BK37,Park Slope-Gowanus
Brooklyn,15700,4005,BK37,Park Slope-Gowanus
Brooklyn,15900,4005,BK37,Park Slope-Gowanus
Brooklyn,16500,4005,BK37,Park Slope-Gowanus
Brooklyn,16700,4005,BK37,Park Slope-Gowanus
Brooklyn,15400,4013,BK99,park-cemetery-etc-Brooklyn
Brooklyn,17500,4012,BK99,park-cemetery-etc-Brooklyn
Brooklyn,17700,4005,BK99,park-cemetery-etc-Brooklyn
Brooklyn,40700,4002,BK99,park-cemetery-etc-Brooklyn
Brooklyn,54300,4004,BK99,park-cemetery-etc-Brooklyn
Brooklyn,66600,4009,BK99,park-cemetery-etc-Brooklyn
Brooklyn,70202,4009,BK99,park-cemetery-etc-Brooklyn
Brooklyn,70203,4009,BK99,park-cemetery-etc-Brooklyn
Brooklyn,85200,4010,BK99,park-cemetery-etc-Brooklyn
Brooklyn,118000,4008,BK99,park-cemetery-etc-Brooklyn
Brooklyn,990100,4018,BK99,park-cemetery-etc-Brooklyn
Brooklyn,16100,4006,BK64,Prospect Heights
Brooklyn,16300,4006,BK64,Prospect Heights
Brooklyn,20300,4006,BK64,Prospect Heights
Brooklyn,20500,4006,BK64,Prospect Heights
Brooklyn,20700,4006,BK64,Prospect Heights
Brooklyn,21500,4006,BK64,Prospect Heights
Brooklyn,32700,4011,BK60,Prospect Lefferts Gardens-Wingate
Brooklyn,32900,4011,BK60,Prospect Lefferts Gardens-Wingate
Brooklyn,79601,4011,BK60,Prospect Lefferts Gardens-Wingate
Brooklyn,79602,4011,BK60,Prospect Lefferts Gardens-Wingate
Brooklyn,79801,4011,BK60,Prospect Lefferts Gardens-Wingate
Brooklyn,79802,4011,BK60,Prospect Lefferts Gardens-Wingate
Brooklyn,80000,4011,BK60,Prospect Lefferts Gardens-Wingate
Brooklyn,80200,4011,BK60,Prospect Lefferts Gardens-Wingate
Brooklyn,80400,4011,BK60,Prospect Lefferts Gardens-Wingate
Brooklyn,80600,4011,BK60,Prospect Lefferts Gardens-Wingate
Brooklyn,80800,4011,BK60,Prospect Lefferts Gardens-Wingate
Brooklyn,81000,4011,BK60,Prospect Lefferts Gardens-Wingate
Brooklyn,82000,4011,BK60,Prospect Lefferts Gardens-Wingate
Brooklyn,82200,4011,BK60,Prospect Lefferts Gardens-Wingate
Brooklyn,87401,4011,BK60,Prospect Lefferts Gardens-Wingate
Brooklyn,87600,4011,BK60,Prospect Lefferts Gardens-Wingate
Brooklyn,87800,4011,BK60,Prospect Lefferts Gardens-Wingate
Brooklyn,88000,4011,BK60,Prospect Lefferts Gardens-Wingate
Brooklyn,84600,4010,BK96,Rugby-Remsen Village
Brooklyn,84800,4010,BK96,Rugby-Remsen Village
Brooklyn,86200,4010,BK96,Rugby-Remsen Village
Brooklyn,86400,4010,BK96,Rugby-Remsen Village
Brooklyn,86600,4010,BK96,Rugby-Remsen Village
Brooklyn,86800,4010,BK96,Rugby-Remsen Village
Brooklyn,88200,4010,BK96,Rugby-Remsen Village
Brooklyn,88400,4010,BK96,Rugby-Remsen Village
Brooklyn,88600,4010,BK96,Rugby-Remsen Village
Brooklyn,88800,4010,BK96,Rugby-Remsen Village
Brooklyn,89000,4010,BK96,Rugby-Remsen Village
Brooklyn,92800,4010,BK96,Rugby-Remsen Village
Brooklyn,93000,4010,BK96,Rugby-Remsen Village
Brooklyn,93400,4010,BK96,Rugby-Remsen Village
Brooklyn,93600,4010,BK96,Rugby-Remsen Village
Brooklyn,93800,4010,BK96,Rugby-Remsen Village
Brooklyn,94600,4010,BK96,Rugby-Remsen Village
Brooklyn,32600,4018,BK21,Seagate-Coney Island
Brooklyn,32800,4018,BK21,Seagate-Coney Island
Brooklyn,33000,4018,BK21,Seagate-Coney Island
Brooklyn,33600,4018,BK21,Seagate-Coney Island
Brooklyn,34000,4018,BK21,Seagate-Coney Island
Brooklyn,34200,4018,BK21,Seagate-Coney Island
Brooklyn,34800,4018,BK21,Seagate-Coney Island
Brooklyn,35200,4018,BK21,Seagate-Coney Island
Brooklyn,57000,4016,BK17,Sheepshead Bay-Gerritsen Beach-Manhattan Beach
Brooklyn,57200,4016,BK17,Sheepshead Bay-Gerritsen Beach-Manhattan Beach
Brooklyn,58600,4016,BK17,Sheepshead Bay-Gerritsen Beach-Manhattan Beach
Brooklyn,59000,4016,BK17,Sheepshead Bay-Gerritsen Beach-Manhattan Beach
Brooklyn,59200,4016,BK17,Sheepshead Bay-Gerritsen Beach-Manhattan Beach
Brooklyn,59401,4016,BK17,Sheepshead Bay-Gerritsen Beach-Manhattan Beach
Brooklyn,59402,4016,BK17,Sheepshead Bay-Gerritsen Beach-Manhattan Beach
Brooklyn,59600,4016,BK17,Sheepshead Bay-Gerritsen Beach-Manhattan Beach
Brooklyn,59800,4016,BK17,Sheepshead Bay-Gerritsen Beach-Manhattan Beach
Brooklyn,60000,4016,BK17,Sheepshead Bay-Gerritsen Beach-Manhattan Beach
Brooklyn,60600,4016,BK17,Sheepshead Bay-Gerritsen Beach-Manhattan Beach
Brooklyn,60800,4016,BK17,Sheepshead Bay-Gerritsen Beach-Manhattan Beach
Brooklyn,61200,4016,BK17,Sheepshead Bay-Gerritsen Beach-Manhattan Beach
Brooklyn,61600,4016,BK17,Sheepshead Bay-Gerritsen Beach-Manhattan Beach
Brooklyn,62000,4016,BK17,Sheepshead Bay-Gerritsen Beach-Manhattan Beach
Brooklyn,62200,4016,BK17,Sheepshead Bay-Gerritsen Beach-Manhattan Beach
Brooklyn,62600,4016,BK17,Sheepshead Bay-Gerritsen Beach-Manhattan Beach
Brooklyn,62800,4016,BK17,Sheepshead Bay-Gerritsen Beach-Manhattan Beach
Brooklyn,63200,4016,BK17,Sheepshead Bay-Gerritsen Beach-Manhattan Beach
Brooklyn,105801,4008,BK93,Starrett City
Brooklyn,105804,4008,BK93,Starrett City
Brooklyn,27300,4003,BK35,Stuyvesant Heights
Brooklyn,27500,4003,BK35,Stuyvesant Heights
Brooklyn,27700,4003,BK35,Stuyvesant Heights
Brooklyn,27900,4003,BK35,Stuyvesant Heights
Brooklyn,28100,4003,BK35,Stuyvesant Heights
Brooklyn,28300,4003,BK35,Stuyvesant Heights
Brooklyn,28502,4003,BK35,Stuyvesant Heights
Brooklyn,28700,4003,BK35,Stuyvesant Heights
Brooklyn,28900,4003,BK35,Stuyvesant Heights
Brooklyn,29100,4003,BK35,Stuyvesant Heights
Brooklyn,29300,4003,BK35,Stuyvesant Heights
Brooklyn,29500,4003,BK35,Stuyvesant Heights
Brooklyn,37500,4003,BK35,Stuyvesant Heights
Brooklyn,37700,4003,BK35,Stuyvesant Heights
Brooklyn,37900,4003,BK35,Stuyvesant Heights
Brooklyn,38300,4003,BK35,Stuyvesant Heights
Brooklyn,38500,4003,BK35,Stuyvesant Heights
Brooklyn,38700,4003,BK35,Stuyvesant Heights
Brooklyn,8600,4012,BK34,Sunset Park East
Brooklyn,8800,4012,BK34,Sunset Park East
Brooklyn,9000,4012,BK34,Sunset Park East
Brooklyn,9200,4012,BK34,Sunset Park East
Brooklyn,9400,4012,BK34,Sunset Park East
Brooklyn,9600,4012,BK34,Sunset Park East
Brooklyn,9800,4012,BK34,Sunset Park East
Brooklyn,10000,4012,BK34,Sunset Park East
Brooklyn,10200,4012,BK34,Sunset Park East
Brooklyn,10400,4012,BK34,Sunset Park East
Brooklyn,10600,4012,BK34,Sunset Park East
Brooklyn,10800,4012,BK34,Sunset Park East
Brooklyn,11000,4012,BK34,Sunset Park East
Brooklyn,11200,4012,BK34,Sunset Park East
Brooklyn,11800,4012,BK34,Sunset Park East
Brooklyn,12000,4012,BK34,Sunset Park East
Brooklyn,200,4012,BK32,Sunset Park West
Brooklyn,1800,4012,BK32,Sunset Park West
Brooklyn,2000,4012,BK32,Sunset Park West
Brooklyn,2200,4012,BK32,Sunset Park West
Brooklyn,7200,4012,BK32,Sunset Park West
Brooklyn,7400,4012,BK32,Sunset Park West
Brooklyn,7600,4012,BK32,Sunset Park West
Brooklyn,7800,4012,BK32,Sunset Park West
Brooklyn,8000,4012,BK32,Sunset Park West
Brooklyn,8200,4012,BK32,Sunset Park West
Brooklyn,8400,4012,BK32,Sunset Park West
Brooklyn,10100,4012,BK32,Sunset Park West
Brooklyn,12200,4012,BK32,Sunset Park West
Brooklyn,14500,4012,BK32,Sunset Park West
Brooklyn,14700,4012,BK32,Sunset Park West
Brooklyn,35000,4018,BK23,West Brighton
Brooklyn,35400,4018,BK23,West Brighton
Brooklyn,35601,4018,BK23,West Brighton
Brooklyn,35602,4018,BK23,West Brighton
Brooklyn,50900,4001,BK72,Williamsburg
Brooklyn,52900,4001,BK72,Williamsburg
Brooklyn,53300,4001,BK72,Williamsburg
Brooklyn,53500,4001,BK72,Williamsburg
Brooklyn,53700,4001,BK72,Williamsburg
Brooklyn,53900,4001,BK72,Williamsburg
Brooklyn,54500,4001,BK72,Williamsburg
Brooklyn,16900,4012,BK40,Windsor Terrace
Brooklyn,17100,4012,BK40,Windsor Terrace
Brooklyn,50000,4012,BK40,Windsor Terrace
Brooklyn,50202,4012,BK40,Windsor Terrace
Brooklyn,50400,4012,BK40,Windsor Terrace
Brooklyn,150200,4012,BK40,Windsor Terrace
Manhattan,700,3810,MN25,Battery Park City-Lower Manhattan
Manhattan,900,3810,MN25,Battery Park City-Lower Manhattan
Manhattan,1300,3810,MN25,Battery Park City-Lower Manhattan
Manhattan,1501,3810,MN25,Battery Park City-Lower Manhattan
Manhattan,1502,3810,MN25,Battery Park City-Lower Manhattan
Manhattan,31703,3810,MN25,Battery Park City-Lower Manhattan
Manhattan,31704,3810,MN25,Battery Park City-Lower Manhattan
Manhattan,20600,3803,MN03,Central Harlem North-Polo Grounds
Manhattan,20800,3803,MN03,Central Harlem North-Polo Grounds
Manhattan,21200,3803,MN03,Central Harlem North-Polo Grounds
Manhattan,21400,3803,MN03,Central Harlem North-Polo Grounds
Manhattan,21500,3803,MN03,Central Harlem North-Polo Grounds
Manhattan,22102,3803,MN03,Central Harlem North-Polo Grounds
Manhattan,22400,3803,MN03,Central Harlem North-Polo Grounds
Manhattan,22600,3803,MN03,Central Harlem North-Polo Grounds
Manhattan,22800,3803,MN03,Central Harlem North-Polo Grounds
Manhattan,23000,3803,MN03,Central Harlem North-Polo Grounds
Manhattan,23200,3803,MN03,Central Harlem North-Polo Grounds
Manhattan,23400,3803,MN03,Central Harlem North-Polo Grounds
Manhattan,23502,3803,MN03,Central Harlem North-Polo Grounds
Manhattan,23600,3803,MN03,Central Harlem North-Polo Grounds
Manhattan,24302,3803,MN03,Central Harlem North-Polo Grounds
Manhattan,25900,3803,MN03,Central Harlem North-Polo Grounds
Manhattan,18600,3803,MN11,Central Harlem South
Manhattan,19000,3803,MN11,Central Harlem South
Manhattan,19702,3803,MN11,Central Harlem South
Manhattan,20000,3803,MN11,Central Harlem South
Manhattan,20102,3803,MN11,Central Harlem South
Manhattan,21600,3803,MN11,Central Harlem South
Manhattan,21800,3803,MN11,Central Harlem South
Manhattan,22000,3803,MN11,Central Harlem South
Manhattan,22200,3803,MN11,Central Harlem South
Manhattan,25700,3803,MN11,Central Harlem South
Manhattan,800,3809,MN27,Chinatown
Manhattan,1600,3809,MN27,Chinatown
Manhattan,1800,3809,MN27,Chinatown
Manhattan,2500,3809,MN27,Chinatown
Manhattan,2700,3809,MN27,Chinatown
Manhattan,2900,3809,MN27,Chinatown
Manhattan,3001,3809,MN27,Chinatown
Manhattan,3601,3809,MN27,Chinatown
Manhattan,11500,3807,MN15,Clinton
Manhattan,12100,3807,MN15,Clinton
Manhattan,12700,3807,MN15,Clinton
Manhattan,12900,3807,MN15,Clinton
Manhattan,13300,3807,MN15,Clinton
Manhattan,13500,3807,MN15,Clinton
Manhattan,13900,3807,MN15,Clinton
Manhattan,17800,3804,MN34,East Harlem North
Manhattan,18000,3804,MN34,East Harlem North
Manhattan,18200,3804,MN34,East Harlem North
Manhattan,18400,3804,MN34,East Harlem North
Manhattan,18800,3804,MN34,East Harlem North
Manhattan,19200,3804,MN34,East Harlem North
Manhattan,19400,3804,MN34,East Harlem North
Manhattan,19600,3804,MN34,East Harlem North
Manhattan,19800,3804,MN34,East Harlem North
Manhattan,21000,3804,MN34,East Harlem North
Manhattan,24200,3804,MN34,East Harlem North
Manhattan,15602,3804,MN33,East Harlem South
Manhattan,15802,3804,MN33,East Harlem South
Manhattan,16002,3804,MN33,East Harlem South
Manhattan,16200,3804,MN33,East Harlem South
Manhattan,16400,3804,MN33,East Harlem South
Manhattan,16600,3804,MN33,East Harlem South
Manhattan,16800,3804,MN33,East Harlem South
Manhattan,17000,3804,MN33,East Harlem South
Manhattan,17200,3804,MN33,East Harlem South
Manhattan,17401,3804,MN33,East Harlem South
Manhattan,17402,3804,MN33,East Harlem South
Manhattan,3002,3809,MN22,East Village
Manhattan,3200,3809,MN22,East Village
Manhattan,3400,3809,MN22,East Village
Manhattan,3602,3809,MN22,East Village
Manhattan,3800,3809,MN22,East Village
Manhattan,4000,3809,MN22,East Village
Manhattan,4200,3809,MN22,East Village
Manhattan,4800,3808,MN21,Gramercy
Manhattan,5000,3808,MN21,Gramercy
Manhattan,6400,3808,MN21,Gramercy
Manhattan,6800,3808,MN21,Gramercy
Manhattan,22500,3802,MN04,Hamilton Heights
Manhattan,22700,3802,MN04,Hamilton Heights
Manhattan,22900,3802,MN04,Hamilton Heights
Manhattan,23100,3802,MN04,Hamilton Heights
Manhattan,23300,3802,MN04,Hamilton Heights
Manhattan,23501,3802,MN04,Hamilton Heights
Manhattan,23700,3802,MN04,Hamilton Heights
Manhattan,5200,3807,MN13,Hudson Yards-Chelsea-Flat Iron-Union Square
Manhattan,5400,3807,MN13,Hudson Yards-Chelsea-Flat Iron-Union Square
Manhattan,5600,3807,MN13,Hudson Yards-Chelsea-Flat Iron-Union Square
Manhattan,5800,3807,MN13,Hudson Yards-Chelsea-Flat Iron-Union Square
Manhattan,8100,3807,MN13,Hudson Yards-Chelsea-Flat Iron-Union Square
Manhattan,8300,3807,MN13,Hudson Yards-Chelsea-Flat Iron-Union Square
Manhattan,8700,3807,MN13,Hudson Yards-Chelsea-Flat Iron-Union Square
Manhattan,8900,3807,MN13,Hudson Yards-Chelsea-Flat Iron-Union Square
Manhattan,9100,3807,MN13,Hudson Yards-Chelsea-Flat Iron-Union Square
Manhattan,9300,3807,MN13,Hudson Yards-Chelsea-Flat Iron-Union Square
Manhattan,9700,3807,MN13,Hudson Yards-Chelsea-Flat Iron-Union Square
Manhattan,9900,3807,MN13,Hudson Yards-Chelsea-Flat Iron-Union Square
Manhattan,10300,3807,MN13,Hudson Yards-Chelsea-Flat Iron-Union Square
Manhattan,11100,3807,MN13,Hudson Yards-Chelsea-Flat Iron-Union Square
Manhattan,11700,3807,MN13,Hudson Yards-Chelsea-Flat Iron-Union Square
Manhattan,10602,3805,MN31,Lenox Hill-Roosevelt Island
Manhattan,11000,3805,MN31,Lenox Hill-Roosevelt Island
Manhattan,11600,3805,MN31,Lenox Hill-Roosevelt Island
Manhattan,11800,3805,MN31,Lenox Hill-Roosevelt Island
Manhattan,12400,3805,MN31,Lenox Hill-Roosevelt Island
Manhattan,12600,3805,MN31,Lenox Hill-Roosevelt Island
Manhattan,13200,3805,MN31,Lenox Hill-Roosevelt Island
Manhattan,13400,3805,MN31,Lenox Hill-Roosevelt Island
Manhattan,23801,3805,MN31,Lenox Hill-Roosevelt Island
Manhattan,23802,3805,MN31,Lenox Hill-Roosevelt Island
Manhattan,14500,3806,MN14,Lincoln Square
Manhattan,14700,3806,MN14,Lincoln Square
Manhattan,14900,3806,MN14,Lincoln Square
Manhattan,15100,3806,MN14,Lincoln Square
Manhattan,15300,3806,MN14,Lincoln Square
Manhattan,15500,3806,MN14,Lincoln Square
Manhattan,15700,3806,MN14,Lincoln Square
Manhattan,15900,3806,MN14,Lincoln Square
Manhattan,201,3809,MN28,Lower East Side
Manhattan,202,3809,MN28,Lower East Side
Manhattan,600,3809,MN28,Lower East Side
Manhattan,1001,3809,MN28,Lower East Side
Manhattan,1002,3809,MN28,Lower East Side
Manhattan,1200,3809,MN28,Lower East Side
Manhattan,1401,3809,MN28,Lower East Side
Manhattan,1402,3809,MN28,Lower East Side
Manhattan,2000,3809,MN28,Lower East Side
Manhattan,2201,3809,MN28,Lower East Side
Manhattan,2202,3809,MN28,Lower East Side
Manhattan,2400,3809,MN28,Lower East Side
Manhattan,2601,3809,MN28,Lower East Side
Manhattan,2602,3809,MN28,Lower East Side
Manhattan,2800,3809,MN28,Lower East Side
Manhattan,21303,3802,MN06,Manhattanville
Manhattan,21703,3802,MN06,Manhattanville
Manhattan,21900,3802,MN06,Manhattanville
Manhattan,22301,3802,MN06,Manhattanville
Manhattan,22302,3802,MN06,Manhattanville
Manhattan,29100,3801,MN01,Marble Hill-Inwood
Manhattan,29300,3801,MN01,Marble Hill-Inwood
Manhattan,29500,3801,MN01,Marble Hill-Inwood
Manhattan,29900,3801,MN01,Marble Hill-Inwood
Manhattan,30300,3801,MN01,Marble Hill-Inwood
Manhattan,30700,3801,MN01,Marble Hill-Inwood
Manhattan,30900,3801,MN01,Marble Hill-Inwood
Manhattan,7400,3807,MN17,Midtown-Midtown South
Manhattan,7600,3807,MN17,Midtown-Midtown South
Manhattan,8400,3807,MN17,Midtown-Midtown South
Manhattan,9400,3807,MN17,Midtown-Midtown South
Manhattan,9500,3807,MN17,Midtown-Midtown South
Manhattan,9600,3807,MN17,Midtown-Midtown South
Manhattan,10100,3807,MN17,Midtown-Midtown South
Manhattan,10200,3807,MN17,Midtown-Midtown South
Manhattan,10400,3807,MN17,Midtown-Midtown South
Manhattan,10900,3807,MN17,Midtown-Midtown South
Manhattan,11201,3807,MN17,Midtown-Midtown South
Manhattan,11202,3807,MN17,Midtown-Midtown South
Manhattan,11300,3807,MN17,Midtown-Midtown South
Manhattan,11900,3807,MN17,Midtown-Midtown South
Manhattan,12500,3807,MN17,Midtown-Midtown South
Manhattan,13100,3807,MN17,Midtown-Midtown South
Manhattan,13700,3807,MN17,Midtown-Midtown South
Manhattan,19300,3802,MN09,Morningside Heights
Manhattan,19500,3802,MN09,Morningside Heights
Manhattan,19701,3802,MN09,Morningside Heights
Manhattan,19900,3802,MN09,Morningside Heights
Manhattan,20101,3802,MN09,Morningside Heights
Manhattan,20300,3802,MN09,Morningside Heights
Manhattan,20500,3802,MN09,Morningside Heights
Manhattan,20701,3802,MN09,Morningside Heights
Manhattan,20901,3802,MN09,Morningside Heights
Manhattan,21100,3802,MN09,Morningside Heights
Manhattan,6200,3808,MN20,Murray Hill-Kips Bay
Manhattan,6600,3808,MN20,Murray Hill-Kips Bay
Manhattan,7000,3808,MN20,Murray Hill-Kips Bay
Manhattan,7200,3808,MN20,Murray Hill-Kips Bay
Manhattan,7800,3808,MN20,Murray Hill-Kips Bay
Manhattan,8000,3808,MN20,Murray Hill-Kips Bay
Manhattan,8200,3808,MN20,Murray Hill-Kips Bay
Manhattan,100,3810,MN99,park-cemetery-etc-Manhattan
Manhattan,500,3810,MN99,park-cemetery-etc-Manhattan
Manhattan,14300,3806,MN99,park-cemetery-etc-Manhattan
Manhattan,24000,3804,MN99,park-cemetery-etc-Manhattan
Manhattan,29700,3801,MN99,park-cemetery-etc-Manhattan
Manhattan,31100,3801,MN99,park-cemetery-etc-Manhattan
Manhattan,31900,3810,MN99,park-cemetery-etc-Manhattan
Manhattan,2100,3810,MN24,SoHo-TriBeCa-Civic Center-Little Italy
Manhattan,3100,3810,MN24,SoHo-TriBeCa-Civic Center-Little Italy
Manhattan,3300,3810,MN24,SoHo-TriBeCa-Civic Center-Little Italy
Manhattan,3700,3810,MN24,SoHo-TriBeCa-Civic Center-Little Italy
Manhattan,3900,3810,MN24,SoHo-TriBeCa-Civic Center-Little Italy
Manhattan,4100,3810,MN24,SoHo-TriBeCa-Civic Center-Little Italy
Manhattan,4300,3810,MN24,SoHo-TriBeCa-Civic Center-Little Italy
Manhattan,4500,3810,MN24,SoHo-TriBeCa-Civic Center-Little Italy
Manhattan,4700,3810,MN24,SoHo-TriBeCa-Civic Center-Little Italy
Manhattan,4900,3810,MN24,SoHo-TriBeCa-Civic Center-Little Italy
Manhattan,4400,3808,MN50,Stuyvesant Town-Cooper Village
Manhattan,6000,3808,MN50,Stuyvesant Town-Cooper Village
Manhattan,8601,3808,MN19,Turtle Bay-East Midtown
Manhattan,8602,3808,MN19,Turtle Bay-East Midtown
Manhattan,8603,3808,MN19,Turtle Bay-East Midtown
Manhattan,8800,3808,MN19,Turtle Bay-East Midtown
Manhattan,9000,3808,MN19,Turtle Bay-East Midtown
Manhattan,9200,3808,MN19,Turtle Bay-East Midtown
Manhattan,9800,3808,MN19,Turtle Bay-East Midtown
Manhattan,10000,3808,MN19,Turtle Bay-East Midtown
Manhattan,10601,3808,MN19,Turtle Bay-East Midtown
Manhattan,10800,3808,MN19,Turtle Bay-East Midtown
Manhattan,11203,3808,MN19,Turtle Bay-East Midtown
Manhattan,11401,3805,MN40,Upper East Side-Carnegie Hill
Manhattan,11402,3805,MN40,Upper East Side-Carnegie Hill
Manhattan,12000,3805,MN40,Upper East Side-Carnegie Hill
Manhattan,12200,3805,MN40,Upper East Side-Carnegie Hill
Manhattan,12800,3805,MN40,Upper East Side-Carnegie Hill
Manhattan,13000,3805,MN40,Upper East Side-Carnegie Hill
Manhattan,14000,3805,MN40,Upper East Side-Carnegie Hill
Manhattan,14200,3805,MN40,Upper East Side-Carnegie Hill
Manhattan,14801,3805,MN40,Upper East Side-Carnegie Hill
Manhattan,14802,3805,MN40,Upper East Side-Carnegie Hill
Manhattan,15001,3805,MN40,Upper East Side-Carnegie Hill
Manhattan,15002,3805,MN40,Upper East Side-Carnegie Hill
Manhattan,15801,3805,MN40,Upper East Side-Carnegie Hill
Manhattan,16001,3805,MN40,Upper East Side-Carnegie Hill
Manhattan,16100,3806,MN12,Upper West Side
Manhattan,16300,3806,MN12,Upper West Side
Manhattan,16500,3806,MN12,Upper West Side
Manhattan,16700,3806,MN12,Upper West Side
Manhattan,16900,3806,MN12,Upper West Side
Manhattan,17100,3806,MN12,Upper West Side
Manhattan,17300,3806,MN12,Upper West Side
Manhattan,17500,3806,MN12,Upper West Side
Manhattan,17700,3806,MN12,Upper West Side
Manhattan,17900,3806,MN12,Upper West Side
Manhattan,18100,3806,MN12,Upper West Side
Manhattan,18300,3806,MN12,Upper West Side
Manhattan,18500,3806,MN12,Upper West Side
Manhattan,18700,3806,MN12,Upper West Side
Manhattan,18900,3806,MN12,Upper West Side
Manhattan,19100,3806,MN12,Upper West Side
Manhattan,26700,3801,MN35,Washington Heights North
Manhattan,26900,3801,MN35,Washington Heights North
Manhattan,27100,3801,MN35,Washington Heights North
Manhattan,27300,3801,MN35,Washington Heights North
Manhattan,27500,3801,MN35,Washington Heights North
Manhattan,27700,3801,MN35,Washington Heights North
Manhattan,27900,3801,MN35,Washington Heights North
Manhattan,28100,3801,MN35,Washington Heights North
Manhattan,28300,3801,MN35,Washington Heights North
Manhattan,28500,3801,MN35,Washington Heights North
Manhattan,28700,3801,MN35,Washington Heights North
Manhattan,23900,3801,MN36,Washington Heights South
Manhattan,24100,3801,MN36,Washington Heights South
Manhattan,24301,3801,MN36,Washington Heights South
Manhattan,24500,3801,MN36,Washington Heights South
Manhattan,24700,3801,MN36,Washington Heights South
Manhattan,24900,3801,MN36,Washington Heights South
Manhattan,25100,3801,MN36,Washington Heights South
Manhattan,25300,3801,MN36,Washington Heights South
Manhattan,25500,3801,MN36,Washington Heights South
Manhattan,26100,3801,MN36,Washington Heights South
Manhattan,26300,3801,MN36,Washington Heights South
Manhattan,26500,3801,MN36,Washington Heights South
Manhattan,5501,3810,MN23,West Village
Manhattan,5502,3810,MN23,West Village
Manhattan,5700,3810,MN23,West Village
Manhattan,5900,3810,MN23,West Village
Manhattan,6100,3810,MN23,West Village
Manhattan,6300,3810,MN23,West Village
Manhattan,6500,3810,MN23,West Village
Manhattan,6700,3810,MN23,West Village
Manhattan,6900,3810,MN23,West Village
Manhattan,7100,3810,MN23,West Village
Manhattan,7300,3810,MN23,West Village
Manhattan,7500,3810,MN23,West Village
Manhattan,7700,3810,MN23,West Village
Manhattan,7900,3810,MN23,West Village
Manhattan,13600,3805,MN32,Yorkville
Manhattan,13800,3805,MN32,Yorkville
Manhattan,14401,3805,MN32,Yorkville
Manhattan,14402,3805,MN32,Yorkville
Manhattan,14601,3805,MN32,Yorkville
Manhattan,14602,3805,MN32,Yorkville
Manhattan,15200,3805,MN32,Yorkville
Manhattan,15400,3805,MN32,Yorkville
Manhattan,15601,3805,MN32,Yorkville
Queens,33100,4102,QN98,Airport
Queens,71600,4105,QN98,Airport
Queens,4500,4101,QN70,Astoria
Queens,4700,4101,QN70,Astoria
Queens,5300,4101,QN70,Astoria
Queens,5700,4101,QN70,Astoria
Queens,5900,4101,QN70,Astoria
Queens,6100,4101,QN70,Astoria
Queens,6300,4101,QN70,Astoria
Queens,6501,4101,QN70,Astoria
Queens,6502,4101,QN70,Astoria
Queens,7500,4101,QN70,Astoria
Queens,7700,4101,QN70,Astoria
Queens,14100,4101,QN70,Astoria
Queens,14300,4101,QN70,Astoria
Queens,14500,4101,QN70,Astoria
Queens,14700,4101,QN70,Astoria
Queens,14900,4101,QN70,Astoria
Queens,15100,4101,QN70,Astoria
Queens,15300,4101,QN70,Astoria
Queens,15500,4101,QN70,Astoria
Queens,15700,4101,QN70,Astoria
Queens,15900,4101,QN70,Astoria
Queens,16100,4101,QN70,Astoria
Queens,16300,4101,QN70,Astoria
Queens,113900,4104,QN48,Auburndale
Queens,118100,4104,QN48,Auburndale
Queens,140902,4104,QN48,Auburndale
Queens,141700,4104,QN48,Auburndale
Queens,142900,4104,QN48,Auburndale
Queens,145101,4104,QN48,Auburndale
Queens,145900,4104,QN48,Auburndale
Queens,18200,4112,QN76,Baisley Park
Queens,18401,4112,QN76,Baisley Park
Queens,18402,4112,QN76,Baisley Park
Queens,18600,4112,QN76,Baisley Park
Queens,18800,4112,QN76,Baisley Park
Queens,19000,4112,QN76,Baisley Park
Queens,19200,4112,QN76,Baisley Park
Queens,27200,4112,QN76,Baisley Park
Queens,27400,4112,QN76,Baisley Park
Queens,27600,4112,QN76,Baisley Park
Queens,27800,4112,QN76,Baisley Park
Queens,28400,4112,QN76,Baisley Park
Queens,28800,4112,QN76,Baisley Park
Queens,78800,4112,QN76,Baisley Park
Queens,79000,4112,QN76,Baisley Park
Queens,79200,4112,QN76,Baisley Park
Queens,108500,4104,QN46,Bayside-Bayside Hills
Queens,109300,4104,QN46,Bayside-Bayside Hills
Queens,109700,4104,QN46,Bayside-Bayside Hills
Queens,109900,4104,QN46,Bayside-Bayside Hills
Queens,111300,4104,QN46,Bayside-Bayside Hills
Queens,112300,4104,QN46,Bayside-Bayside Hills
Queens,112900,4104,QN46,Bayside-Bayside Hills
Queens,113300,4104,QN46,Bayside-Bayside Hills
Queens,139900,4104,QN46,Bayside-Bayside Hills
Queens,140300,4104,QN46,Bayside-Bayside Hills
Queens,140901,4104,QN46,Bayside-Bayside Hills
Queens,143500,4104,QN46,Bayside-Bayside Hills
Queens,144100,4104,QN46,Bayside-Bayside Hills
Queens,144700,4104,QN46,Bayside-Bayside Hills
Queens,145102,4104,QN46,Bayside-Bayside Hills
Queens,146300,4104,QN46,Bayside-Bayside Hills
Queens,146700,4104,QN46,Bayside-Bayside Hills
Queens,147100,4104,QN46,Bayside-Bayside Hills
Queens,130100,4105,QN43,Bellerose
Queens,156700,4105,QN43,Bellerose
Queens,157101,4105,QN43,Bellerose
Queens,157102,4105,QN43,Bellerose
Queens,161700,4105,QN43,Bellerose
Queens,162100,4105,QN43,Bellerose
Queens,91601,4114,QN10,Breezy Point-Belle Harbor-Rockaway Park-Broad Channel
Queens,92200,4114,QN10,Breezy Point-Belle Harbor-Rockaway Park-Broad Channel
Queens,92800,4114,QN10,Breezy Point-Belle Harbor-Rockaway Park-Broad Channel
Queens,93401,4114,QN10,Breezy Point-Belle Harbor-Rockaway Park-Broad Channel
Queens,93402,4114,QN10,Breezy Point-Belle Harbor-Rockaway Park-Broad Channel
Queens,93800,4114,QN10,Breezy Point-Belle Harbor-Rockaway Park-Broad Channel
Queens,94201,4114,QN10,Breezy Point-Belle Harbor-Rockaway Park-Broad Channel
Queens,107201,4114,QN10,Breezy Point-Belle Harbor-Rockaway Park-Broad Channel
Queens,21400,4106,QN35,Briarwood-Jamaica Hills
Queens,22001,4106,QN35,Briarwood-Jamaica Hills
Queens,22002,4106,QN35,Briarwood-Jamaica Hills
Queens,23000,4106,QN35,Briarwood-Jamaica Hills
Queens,23200,4106,QN35,Briarwood-Jamaica Hills
Queens,23600,4106,QN35,Briarwood-Jamaica Hills
Queens,44800,4106,QN35,Briarwood-Jamaica Hills
Queens,45000,4106,QN35,Briarwood-Jamaica Hills
Queens,45200,4106,QN35,Briarwood-Jamaica Hills
Queens,45400,4106,QN35,Briarwood-Jamaica Hills
Queens,45600,4106,QN35,Briarwood-Jamaica Hills
Queens,53401,4105,QN33,Cambria Heights
Queens,59000,4105,QN33,Cambria Heights
Queens,59200,4105,QN33,Cambria Heights
Queens,59400,4105,QN33,Cambria Heights
Queens,59600,4105,QN33,Cambria Heights
Queens,59800,4105,QN33,Cambria Heights
Queens,60000,4105,QN33,Cambria Heights
Queens,60600,4105,QN33,Cambria Heights
Queens,60800,4105,QN33,Cambria Heights
Queens,61000,4105,QN33,Cambria Heights
Queens,61200,4105,QN33,Cambria Heights
Queens,61400,4105,QN33,Cambria Heights
Queens,62200,4105,QN33,Cambria Heights
Queens,90700,4103,QN23,College Point
Queens,91900,4103,QN23,College Point
Queens,92500,4103,QN23,College Point
Queens,92900,4103,QN23,College Point
Queens,93900,4103,QN23,College Point
Queens,94700,4103,QN23,College Point
Queens,39900,4107,QN25,Corona
Queens,41100,4107,QN25,Corona
Queens,41300,4107,QN25,Corona
Queens,41500,4107,QN25,Corona
Queens,42700,4107,QN25,Corona
Queens,43701,4107,QN25,Corona
Queens,43702,4107,QN25,Corona
Queens,43900,4107,QN25,Corona
Queens,44301,4107,QN25,Corona
Queens,44302,4107,QN25,Corona
Queens,45500,4107,QN25,Corona
Queens,147900,4104,QN45,Douglas Manor-Douglaston-Little Neck
Queens,148300,4104,QN45,Douglas Manor-Douglaston-Little Neck
Queens,150701,4104,QN45,Douglas Manor-Douglaston-Little Neck
Queens,150702,4104,QN45,Douglas Manor-Douglaston-Little Neck
Queens,152901,4104,QN45,Douglas Manor-Douglaston-Little Neck
Queens,152902,4104,QN45,Douglas Manor-Douglaston-Little Neck
Queens,35300,4102,QN27,East Elmhurst
Queens,35700,4102,QN27,East Elmhurst
Queens,36100,4102,QN27,East Elmhurst
Queens,36300,4102,QN27,East Elmhurst
Queens,36500,4102,QN27,East Elmhurst
Queens,36700,4102,QN27,East Elmhurst
Queens,37100,4102,QN27,East Elmhurst
Queens,37300,4102,QN27,East Elmhurst
Queens,86100,4103,QN52,East Flushing
Queens,118500,4103,QN52,East Flushing
Queens,118700,4103,QN52,East Flushing
Queens,118900,4103,QN52,East Flushing
Queens,119100,4103,QN52,East Flushing
Queens,119300,4103,QN52,East Flushing
Queens,119500,4103,QN52,East Flushing
Queens,119900,4103,QN52,East Flushing
Queens,120100,4103,QN52,East Flushing
Queens,120300,4103,QN52,East Flushing
Queens,120500,4103,QN52,East Flushing
Queens,120700,4103,QN52,East Flushing
Queens,26700,4107,QN29,Elmhurst
Queens,26901,4107,QN29,Elmhurst
Queens,26902,4107,QN29,Elmhurst
Queens,27100,4107,QN29,Elmhurst
Queens,45700,4107,QN29,Elmhurst
Queens,45900,4107,QN29,Elmhurst
Queens,46100,4107,QN29,Elmhurst
Queens,46300,4107,QN29,Elmhurst
Queens,46500,4107,QN29,Elmhurst
Queens,46700,4107,QN29,Elmhurst
Queens,46900,4107,QN29,Elmhurst
Queens,47100,4107,QN29,Elmhurst
Queens,47300,4107,QN29,Elmhurst
Queens,47500,4107,QN29,Elmhurst
Queens,48100,4107,QN29,Elmhurst
Queens,49900,4107,QN29,Elmhurst
Queens,68300,4107,QN29,Elmhurst
Queens,24300,4109,QN50,Elmhurst-Maspeth
Queens,26500,4109,QN50,Elmhurst-Maspeth
Queens,47900,4109,QN50,Elmhurst-Maspeth
Queens,48300,4109,QN50,Elmhurst-Maspeth
Queens,48500,4109,QN50,Elmhurst-Maspeth
Queens,48900,4109,QN50,Elmhurst-Maspeth
Queens,99801,4114,QN15,Far Rockaway-Bayswater
Queens,99802,4114,QN15,Far Rockaway-Bayswater
Queens,100801,4114,QN15,Far Rockaway-Bayswater
Queens,100802,4114,QN15,Far Rockaway-Bayswater
Queens,101001,4114,QN15,Far Rockaway-Bayswater
Queens,101002,4114,QN15,Far Rockaway-Bayswater
Queens,103201,4114,QN15,Far Rockaway-Bayswater
Queens,103202,4114,QN15,Far Rockaway-Bayswater
Queens,79701,4103,QN22,Flushing
Queens,79702,4103,QN22,Flushing
Queens,84500,4103,QN22,Flushing
Queens,84900,4103,QN22,Flushing
Queens,85300,4103,QN22,Flushing
Queens,85500,4103,QN22,Flushing
Queens,85700,4103,QN22,Flushing
Queens,85900,4103,QN22,Flushing
Queens,86500,4103,QN22,Flushing
Queens,86900,4103,QN22,Flushing
Queens,87100,4103,QN22,Flushing
Queens,88901,4103,QN22,Flushing
Queens,116100,4103,QN22,Flushing
Queens,64500,4108,QN17,Forest Hills
Queens,70700,4108,QN17,Forest Hills
Queens,70900,4108,QN17,Forest Hills
Queens,71100,4108,QN17,Forest Hills
Queens,71303,4108,QN17,Forest Hills
Queens,71304,4108,QN17,Forest Hills
Queens,71305,4108,QN17,Forest Hills
Queens,71306,4108,QN17,Forest Hills
Queens,71900,4108,QN17,Forest Hills
Queens,72100,4108,QN17,Forest Hills
Queens,72300,4108,QN17,Forest Hills
Queens,72900,4108,QN17,Forest Hills
Queens,73100,4108,QN17,Forest Hills
Queens,73700,4108,QN17,Forest Hills
Queens,73900,4108,QN17,Forest Hills
Queens,74100,4108,QN17,Forest Hills
Queens,74300,4108,QN17,Forest Hills
Queens,74500,4108,QN17,Forest Hills
Queens,74700,4108,QN17,Forest Hills
Queens,74900,4108,QN17,Forest Hills
Queens,75701,4108,QN17,Forest Hills
Queens,75702,4108,QN17,Forest Hills
Queens,76901,4108,QN17,Forest Hills
Queens,76902,4108,QN17,Forest Hills
Queens,133300,4106,QN41,Fresh Meadows-Utopia
Queens,133900,4106,QN41,Fresh Meadows-Utopia
Queens,134100,4106,QN41,Fresh Meadows-Utopia
Queens,134700,4106,QN41,Fresh Meadows-Utopia
Queens,99701,4103,QN47,Ft. Totten-Bay Terrace-Clearview
Queens,99703,4103,QN47,Ft. Totten-Bay Terrace-Clearview
Queens,99704,4103,QN47,Ft. Totten-Bay Terrace-Clearview
Queens,99705,4103,QN47,Ft. Totten-Bay Terrace-Clearview
Queens,99900,4103,QN47,Ft. Totten-Bay Terrace-Clearview
Queens,101700,4103,QN47,Ft. Totten-Bay Terrace-Clearview
Queens,155101,4105,QN44,Glen Oaks-Floral Park-New Hyde Park
Queens,155102,4105,QN44,Glen Oaks-Floral Park-New Hyde Park
Queens,157901,4105,QN44,Glen Oaks-Floral Park-New Hyde Park
Queens,157902,4105,QN44,Glen Oaks-Floral Park-New Hyde Park
Queens,157903,4105,QN44,Glen Oaks-Floral Park-New Hyde Park
Queens,56500,4110,QN19,Glendale
Queens,56700,4110,QN19,Glendale
Queens,57700,4110,QN19,Glendale
Queens,57900,4110,QN19,Glendale
Queens,62300,4110,QN19,Glendale
Queens,62500,4110,QN19,Glendale
Queens,62700,4110,QN19,Glendale
Queens,62900,4110,QN19,Glendale
Queens,63301,4110,QN19,Glendale
Queens,63302,4110,QN19,Glendale
Queens,63500,4110,QN19,Glendale
Queens,63700,4110,QN19,Glendale
Queens,63900,4110,QN19,Glendale
Queens,94202,4114,QN12,Hammels-Arverne-Edgemere
Queens,94203,4114,QN12,Hammels-Arverne-Edgemere
Queens,95400,4114,QN12,Hammels-Arverne-Edgemere
Queens,96400,4114,QN12,Hammels-Arverne-Edgemere
Queens,97202,4114,QN12,Hammels-Arverne-Edgemere
Queens,97203,4114,QN12,Hammels-Arverne-Edgemere
Queens,97204,4114,QN12,Hammels-Arverne-Edgemere
Queens,99200,4114,QN12,Hammels-Arverne-Edgemere
Queens,48200,4112,QN07,Hollis
Queens,48400,4112,QN07,Hollis
Queens,50000,4112,QN07,Hollis
Queens,50201,4112,QN07,Hollis
Queens,50202,4112,QN07,Hollis
Queens,50400,4112,QN07,Hollis
Queens,50600,4112,QN07,Hollis
Queens,50800,4112,QN07,Hollis
Queens,51000,4112,QN07,Hollis
Queens,100,4109,QN31,Hunters Point-Sunnyside-West Maspeth
Queens,700,4109,QN31,Hunters Point-Sunnyside-West Maspeth
Queens,1900,4109,QN31,Hunters Point-Sunnyside-West Maspeth
Queens,16900,4109,QN31,Hunters Point-Sunnyside-West Maspeth
Queens,17100,4109,QN31,Hunters Point-Sunnyside-West Maspeth
Queens,17900,4109,QN31,Hunters Point-Sunnyside-West Maspeth
Queens,18101,4109,QN31,Hunters Point-Sunnyside-West Maspeth
Queens,18102,4109,QN31,Hunters Point-Sunnyside-West Maspeth
Queens,18300,4109,QN31,Hunters Point-Sunnyside-West Maspeth
Queens,18501,4109,QN31,Hunters Point-Sunnyside-West Maspeth
Queens,18502,4109,QN31,Hunters Point-Sunnyside-West Maspeth
Queens,18700,4109,QN31,Hunters Point-Sunnyside-West Maspeth
Queens,18900,4109,QN31,Hunters Point-Sunnyside-West Maspeth
Queens,19900,4109,QN31,Hunters Point-Sunnyside-West Maspeth
Queens,20500,4109,QN31,Hunters Point-Sunnyside-West Maspeth
Queens,21900,4109,QN31,Hunters Point-Sunnyside-West Maspeth
Queens,23500,4109,QN31,Hunters Point-Sunnyside-West Maspeth
Queens,25301,4109,QN31,Hunters Point-Sunnyside-West Maspeth
Queens,25302,4109,QN31,Hunters Point-Sunnyside-West Maspeth
Queens,27300,4102,QN28,Jackson Heights
Queens,27500,4102,QN28,Jackson Heights
Queens,27700,4102,QN28,Jackson Heights
Queens,27900,4102,QN28,Jackson Heights
Queens,28100,4102,QN28,Jackson Heights
Queens,28300,4102,QN28,Jackson Heights
Queens,28500,4102,QN28,Jackson Heights
Queens,28700,4102,QN28,Jackson Heights
Queens,28900,4102,QN28,Jackson Heights
Queens,29100,4102,QN28,Jackson Heights
Queens,30902,4102,QN28,Jackson Heights
Queens,30903,4102,QN28,Jackson Heights
Queens,30904,4102,QN28,Jackson Heights
Queens,32700,4102,QN28,Jackson Heights
Queens,32900,4102,QN28,Jackson Heights
Queens,33700,4102,QN28,Jackson Heights
Queens,33900,4102,QN28,Jackson Heights
Queens,34700,4102,QN28,Jackson Heights
Queens,35100,4102,QN28,Jackson Heights
Queens,20400,4112,QN61,Jamaica
Queens,20600,4112,QN61,Jamaica
Queens,20800,4112,QN61,Jamaica
Queens,21200,4112,QN61,Jamaica
Queens,23800,4112,QN61,Jamaica
Queens,24000,4112,QN61,Jamaica
Queens,24600,4112,QN61,Jamaica
Queens,44400,4112,QN61,Jamaica
Queens,44601,4112,QN61,Jamaica
Queens,44602,4112,QN61,Jamaica
Queens,46000,4112,QN61,Jamaica
Queens,46200,4112,QN61,Jamaica
Queens,46800,4112,QN61,Jamaica
Queens,47000,4112,QN61,Jamaica
Queens,48000,4112,QN61,Jamaica
Queens,45800,4106,QN06,Jamaica Estates-Holliswood
Queens,46400,4106,QN06,Jamaica Estates-Holliswood
Queens,46600,4106,QN06,Jamaica Estates-Holliswood
Queens,47200,4106,QN06,Jamaica Estates-Holliswood
Queens,47600,4106,QN06,Jamaica Estates-Holliswood
Queens,47800,4106,QN06,Jamaica Estates-Holliswood
Queens,49200,4106,QN06,Jamaica Estates-Holliswood
Queens,127700,4106,QN06,Jamaica Estates-Holliswood
Queens,13400,4111,QN60,Kew Gardens
Queens,13600,4111,QN60,Kew Gardens
Queens,13800,4111,QN60,Kew Gardens
Queens,14000,4111,QN60,Kew Gardens
Queens,21600,4111,QN60,Kew Gardens
Queens,77300,4111,QN60,Kew Gardens
Queens,77500,4111,QN60,Kew Gardens
Queens,77902,4106,QN37,Kew Gardens Hills
Queens,77903,4106,QN37,Kew Gardens Hills
Queens,77904,4106,QN37,Kew Gardens Hills
Queens,77905,4106,QN37,Kew Gardens Hills
Queens,77906,4106,QN37,Kew Gardens Hills
Queens,77907,4106,QN37,Kew Gardens Hills
Queens,77908,4106,QN37,Kew Gardens Hills
Queens,80900,4106,QN37,Kew Gardens Hills
Queens,125700,4106,QN37,Kew Gardens Hills
Queens,32800,4105,QN66,Laurelton
Queens,35800,4105,QN66,Laurelton
Queens,61601,4105,QN66,Laurelton
Queens,61800,4105,QN66,Laurelton
Queens,62000,4105,QN66,Laurelton
Queens,62600,4105,QN66,Laurelton
Queens,63000,4105,QN66,Laurelton
Queens,63200,4105,QN66,Laurelton
Queens,64600,4105,QN66,Laurelton
Queens,65000,4105,QN66,Laurelton
Queens,68200,4105,QN66,Laurelton
Queens,6201,4113,QN57,Lindenwood-Howard Beach
Queens,6202,4113,QN57,Lindenwood-Howard Beach
Queens,88400,4113,QN57,Lindenwood-Howard Beach
Queens,89200,4113,QN57,Lindenwood-Howard Beach
Queens,49301,4110,QN30,Maspeth
Queens,49302,4110,QN30,Maspeth
Queens,49500,4110,QN30,Maspeth
Queens,49700,4110,QN30,Maspeth
Queens,51100,4110,QN30,Maspeth
Queens,51300,4110,QN30,Maspeth
Queens,51500,4110,QN30,Maspeth
Queens,51700,4110,QN30,Maspeth
Queens,52100,4110,QN30,Maspeth
Queens,52500,4110,QN30,Maspeth
Queens,53100,4110,QN30,Maspeth
Queens,53500,4110,QN30,Maspeth
Queens,59900,4110,QN30,Maspeth
Queens,60100,4110,QN30,Maspeth
Queens,50500,4110,QN21,Middle Village
Queens,50700,4110,QN21,Middle Village
Queens,60300,4110,QN21,Middle Village
Queens,60701,4110,QN21,Middle Village
Queens,61900,4110,QN21,Middle Village
Queens,62100,4110,QN21,Middle Village
Queens,65501,4110,QN21,Middle Village
Queens,65702,4110,QN21,Middle Village
Queens,65703,4110,QN21,Middle Village
Queens,65900,4110,QN21,Middle Village
Queens,66100,4110,QN21,Middle Village
Queens,66300,4110,QN21,Middle Village
Queens,66501,4110,QN21,Middle Village
Queens,66701,4110,QN21,Middle Village
Queens,66900,4110,QN21,Middle Village
Queens,67100,4110,QN21,Middle Village
Queens,67700,4110,QN21,Middle Village
Queens,67900,4110,QN21,Middle Village
Queens,86300,4103,QN51,Murray Hill
Queens,104700,4103,QN51,Murray Hill
Queens,105900,4103,QN51,Murray Hill
Queens,114100,4103,QN51,Murray Hill
Queens,114700,4103,QN51,Murray Hill
Queens,115100,4103,QN51,Murray Hill
Queens,115500,4103,QN51,Murray Hill
Queens,115700,4103,QN51,Murray Hill
Queens,115900,4103,QN51,Murray Hill
Queens,116300,4103,QN51,Murray Hill
Queens,116700,4103,QN51,Murray Hill
Queens,117100,4103,QN51,Murray Hill
Queens,117500,4103,QN51,Murray Hill
Queens,37500,4102,QN26,North Corona
Queens,37700,4102,QN26,North Corona
Queens,37900,4102,QN26,North Corona
Queens,38100,4102,QN26,North Corona
Queens,40100,4102,QN26,North Corona
Queens,40300,4102,QN26,North Corona
Queens,40500,4102,QN26,North Corona
Queens,40700,4102,QN26,North Corona
Queens,40900,4102,QN26,North Corona
Queens,129102,4104,QN42,Oakland Gardens
Queens,129103,4104,QN42,Oakland Gardens
Queens,129104,4104,QN42,Oakland Gardens
Queens,136700,4104,QN42,Oakland Gardens
Queens,137700,4104,QN42,Oakland Gardens
Queens,138501,4104,QN42,Oakland Gardens
Queens,6900,4101,QN71,Old Astoria
Queens,7100,4101,QN71,Old Astoria
Queens,7300,4101,QN71,Old Astoria
Queens,7900,4101,QN71,Old Astoria
Queens,8100,4101,QN71,Old Astoria
Queens,8300,4101,QN71,Old Astoria
Queens,8700,4101,QN71,Old Astoria
Queens,9100,4101,QN71,Old Astoria
Queens,4002,4113,QN56,Ozone Park
Queens,4401,4113,QN56,Ozone Park
Queens,5000,4113,QN56,Ozone Park
Queens,5400,4113,QN56,Ozone Park
Queens,5800,4113,QN56,Ozone Park
Queens,8600,4113,QN56,Ozone Park
Queens,8800,4113,QN56,Ozone Park
Queens,9900,4101,QN99,park-cemetery-etc-Queens
Queens,22900,4109,QN99,park-cemetery-etc-Queens
Queens,29900,4101,QN99,park-cemetery-etc-Queens
Queens,38301,4103,QN99,park-cemetery-etc-Queens
Queens,38302,4107,QN99,park-cemetery-etc-Queens
Queens,56100,4110,QN99,park-cemetery-etc-Queens
Queens,62400,4105,QN99,park-cemetery-etc-Queens
Queens,64102,4111,QN99,park-cemetery-etc-Queens
Queens,79300,4106,QN99,park-cemetery-etc-Queens
Queens,91602,4114,QN99,park-cemetery-etc-Queens
Queens,91800,4114,QN99,park-cemetery-etc-Queens
Queens,107202,4114,QN99,park-cemetery-etc-Queens
Queens,121100,4103,QN99,park-cemetery-etc-Queens
Queens,128300,4106,QN99,park-cemetery-etc-Queens
Queens,138502,4104,QN99,park-cemetery-etc-Queens
Queens,990100,4114,QN99,park-cemetery-etc-Queens
Queens,122300,4106,QN38,Pomonok-Flushing Heights-Hillcrest
Queens,122701,4106,QN38,Pomonok-Flushing Heights-Hillcrest
Queens,122702,4106,QN38,Pomonok-Flushing Heights-Hillcrest
Queens,124100,4106,QN38,Pomonok-Flushing Heights-Hillcrest
Queens,124700,4106,QN38,Pomonok-Flushing Heights-Hillcrest
Queens,126500,4106,QN38,Pomonok-Flushing Heights-Hillcrest
Queens,126700,4106,QN38,Pomonok-Flushing Heights-Hillcrest
Queens,49600,4105,QN34,Queens Village
Queens,51200,4105,QN34,Queens Village
Queens,51600,4105,QN34,Queens Village
Queens,53200,4105,QN34,Queens Village
Queens,53601,4105,QN34,Queens Village
Queens,53800,4105,QN34,Queens Village
Queens,54000,4105,QN34,Queens Village
Queens,54200,4105,QN34,Queens Village
Queens,54800,4105,QN34,Queens Village
Queens,55200,4105,QN34,Queens Village
Queens,55400,4105,QN34,Queens Village
Queens,55600,4105,QN34,Queens Village
Queens,55800,4105,QN34,Queens Village
Queens,56000,4105,QN34,Queens Village
Queens,56200,4105,QN34,Queens Village
Queens,56400,4105,QN34,Queens Village
Queens,56600,4105,QN34,Queens Village
Queens,56800,4105,QN34,Queens Village
Queens,58000,4105,QN34,Queens Village
Queens,58200,4105,QN34,Queens Village
Queens,79900,4103,QN62,Queensboro Hill
Queens,80301,4103,QN62,Queensboro Hill
Queens,80302,4103,QN62,Queensboro Hill
Queens,83700,4103,QN62,Queensboro Hill
Queens,121500,4103,QN62,Queensboro Hill
Queens,2500,4101,QN68,Queensbridge-Ravenswood-Long Island City
Queens,3100,4101,QN68,Queensbridge-Ravenswood-Long Island City
Queens,3300,4101,QN68,Queensbridge-Ravenswood-Long Island City
Queens,3700,4101,QN68,Queensbridge-Ravenswood-Long Island City
Queens,3900,4101,QN68,Queensbridge-Ravenswood-Long Island City
Queens,4300,4101,QN68,Queensbridge-Ravenswood-Long Island City
Queens,5100,4101,QN68,Queensbridge-Ravenswood-Long Island City
Queens,5500,4101,QN68,Queensbridge-Ravenswood-Long Island City
Queens,8500,4101,QN68,Queensbridge-Ravenswood-Long Island City
Queens,68700,4108,QN18,Rego Park
Queens,69300,4108,QN18,Rego Park
Queens,69500,4108,QN18,Rego Park
Queens,69701,4108,QN18,Rego Park
Queens,69702,4108,QN18,Rego Park
Queens,70300,4108,QN18,Rego Park
Queens,71701,4108,QN18,Rego Park
Queens,71702,4108,QN18,Rego Park
Queens,2400,4111,QN54,Richmond Hill
Queens,2600,4111,QN54,Richmond Hill
Queens,2800,4111,QN54,Richmond Hill
Queens,10800,4111,QN54,Richmond Hill
Queens,11000,4111,QN54,Richmond Hill
Queens,11200,4111,QN54,Richmond Hill
Queens,11400,4111,QN54,Richmond Hill
Queens,11600,4111,QN54,Richmond Hill
Queens,11800,4111,QN54,Richmond Hill
Queens,12000,4111,QN54,Richmond Hill
Queens,12200,4111,QN54,Richmond Hill
Queens,12400,4111,QN54,Richmond Hill
Queens,12601,4111,QN54,Richmond Hill
Queens,12602,4111,QN54,Richmond Hill
Queens,12800,4111,QN54,Richmond Hill
Queens,13000,4111,QN54,Richmond Hill
Queens,13200,4111,QN54,Richmond Hill
Queens,14201,4111,QN54,Richmond Hill
Queens,14202,4111,QN54,Richmond Hill
Queens,14400,4111,QN54,Richmond Hill
Queens,14800,4111,QN54,Richmond Hill
Queens,15000,4111,QN54,Richmond Hill
Queens,15200,4111,QN54,Richmond Hill
Queens,15400,4111,QN54,Richmond Hill
Queens,15600,4111,QN54,Richmond Hill
Queens,53900,4110,QN20,Ridgewood
Queens,54500,4110,QN20,Ridgewood
Queens,54700,4110,QN20,Ridgewood
Queens,54900,4110,QN20,Ridgewood
Queens,55100,4110,QN20,Ridgewood
Queens,55300,4110,QN20,Ridgewood
Queens,55500,4110,QN20,Ridgewood
Queens,55700,4110,QN20,Ridgewood
Queens,55900,4110,QN20,Ridgewood
Queens,58100,4110,QN20,Ridgewood
Queens,58300,4110,QN20,Ridgewood
Queens,58500,4110,QN20,Ridgewood
Queens,58700,4110,QN20,Ridgewood
Queens,58900,4110,QN20,Ridgewood
Queens,59100,4110,QN20,Ridgewood
Queens,59300,4110,QN20,Ridgewood
Queens,59500,4110,QN20,Ridgewood
Queens,61301,4110,QN20,Ridgewood
Queens,61302,4110,QN20,Ridgewood
Queens,61602,4105,QN05,Rosedale
Queens,63800,4105,QN05,Rosedale
Queens,65400,4105,QN05,Rosedale
Queens,65600,4105,QN05,Rosedale
Queens,66000,4105,QN05,Rosedale
Queens,66400,4105,QN05,Rosedale
Queens,19400,4112,QN01,South Jamaica
Queens,19600,4112,QN01,South Jamaica
Queens,19800,4112,QN01,South Jamaica
Queens,20200,4112,QN01,South Jamaica
Queens,25400,4112,QN01,South Jamaica
Queens,25800,4112,QN01,South Jamaica
Queens,26000,4112,QN01,South Jamaica
Queens,26200,4112,QN01,South Jamaica
Queens,26400,4112,QN01,South Jamaica
Queens,26600,4112,QN01,South Jamaica
Queens,27000,4112,QN01,South Jamaica
Queens,41400,4112,QN01,South Jamaica
Queens,43400,4112,QN01,South Jamaica
Queens,44000,4112,QN01,South Jamaica
Queens,9400,4113,QN55,South Ozone Park
Queens,9600,4113,QN55,South Ozone Park
Queens,9800,4113,QN55,South Ozone Park
Queens,10000,4113,QN55,South Ozone Park
Queens,10200,4113,QN55,South Ozone Park
Queens,10400,4113,QN55,South Ozone Park
Queens,10600,4113,QN55,South Ozone Park
Queens,15801,4113,QN55,South Ozone Park
Queens,15802,4113,QN55,South Ozone Park
Queens,16400,4113,QN55,South Ozone Park
Queens,16600,4113,QN55,South Ozone Park
Queens,16800,4113,QN55,South Ozone Park
Queens,17000,4113,QN55,South Ozone Park
Queens,17200,4113,QN55,South Ozone Park
Queens,17400,4113,QN55,South Ozone Park
Queens,17600,4113,QN55,South Ozone Park
Queens,17800,4113,QN55,South Ozone Park
Queens,18000,4113,QN55,South Ozone Park
Queens,81400,4113,QN55,South Ozone Park
Queens,81800,4113,QN55,South Ozone Park
Queens,83800,4113,QN55,South Ozone Park
Queens,84000,4113,QN55,South Ozone Park
Queens,84601,4113,QN55,South Ozone Park
Queens,84602,4113,QN55,South Ozone Park
Queens,86400,4113,QN55,South Ozone Park
Queens,29400,4112,QN02,Springfield Gardens North
Queens,33000,4112,QN02,Springfield Gardens North
Queens,33402,4112,QN02,Springfield Gardens North
Queens,30600,4105,QN03,Springfield Gardens South-Brookville
Queens,32000,4105,QN03,Springfield Gardens South-Brookville
Queens,68000,4105,QN03,Springfield Gardens South-Brookville
Queens,69000,4105,QN03,Springfield Gardens South-Brookville
Queens,69400,4105,QN03,Springfield Gardens South-Brookville
Queens,28000,4112,QN08,St. Albans
Queens,28200,4112,QN08,St. Albans
Queens,33401,4112,QN08,St. Albans
Queens,35200,4112,QN08,St. Albans
Queens,36600,4112,QN08,St. Albans
Queens,36800,4112,QN08,St. Albans
Queens,37600,4112,QN08,St. Albans
Queens,38400,4112,QN08,St. Albans
Queens,39400,4112,QN08,St. Albans
Queens,39800,4112,QN08,St. Albans
Queens,40000,4112,QN08,St. Albans
Queens,40200,4112,QN08,St. Albans
Queens,40400,4112,QN08,St. Albans
Queens,42400,4112,QN08,St. Albans
Queens,42600,4112,QN08,St. Albans
Queens,43200,4112,QN08,St. Albans
Queens,51800,4112,QN08,St. Albans
Queens,52000,4112,QN08,St. Albans
Queens,52200,4112,QN08,St. Albans
Queens,52400,4112,QN08,St. Albans
Queens,52600,4112,QN08,St. Albans
Queens,52800,4112,QN08,St. Albans
Queens,53000,4112,QN08,St. Albans
Queens,9500,4101,QN72,Steinway
Queens,9700,4101,QN72,Steinway
Queens,10100,4101,QN72,Steinway
Queens,10300,4101,QN72,Steinway
Queens,10500,4101,QN72,Steinway
Queens,10701,4101,QN72,Steinway
Queens,11100,4101,QN72,Steinway
Queens,11300,4101,QN72,Steinway
Queens,11500,4101,QN72,Steinway
Queens,11700,4101,QN72,Steinway
Queens,11900,4101,QN72,Steinway
Queens,12100,4101,QN72,Steinway
Queens,12301,4101,QN72,Steinway
Queens,12500,4101,QN72,Steinway
Queens,13500,4101,QN72,Steinway
Queens,13700,4101,QN72,Steinway
Queens,31700,4101,QN72,Steinway
Queens,94500,4103,QN49,Whitestone
Queens,97300,4103,QN49,Whitestone
Queens,98100,4103,QN49,Whitestone
Queens,98700,4103,QN49,Whitestone
Queens,99100,4103,QN49,Whitestone
Queens,102900,4103,QN49,Whitestone
Queens,103300,4103,QN49,Whitestone
Queens,103900,4103,QN49,Whitestone
Queens,200,4111,QN53,Woodhaven
Queens,400,4111,QN53,Woodhaven
Queens,600,4111,QN53,Woodhaven
Queens,800,4111,QN53,Woodhaven
Queens,1000,4111,QN53,Woodhaven
Queens,1200,4111,QN53,Woodhaven
Queens,1400,4111,QN53,Woodhaven
Queens,1600,4111,QN53,Woodhaven
Queens,1800,4111,QN53,Woodhaven
Queens,2000,4111,QN53,Woodhaven
Queens,2200,4111,QN53,Woodhaven
Queens,3000,4111,QN53,Woodhaven
Queens,3200,4111,QN53,Woodhaven
Queens,3400,4111,QN53,Woodhaven
Queens,3600,4111,QN53,Woodhaven
Queens,3800,4111,QN53,Woodhaven
Queens,4001,4111,QN53,Woodhaven
Queens,4200,4111,QN53,Woodhaven
Queens,5200,4111,QN53,Woodhaven
Queens,64101,4111,QN53,Woodhaven
Queens,24500,4109,QN63,Woodside
Queens,24700,4109,QN63,Woodside
Queens,24900,4109,QN63,Woodside
Queens,25100,4109,QN63,Woodside
Queens,25500,4109,QN63,Woodside
Queens,25700,4109,QN63,Woodside
Queens,25900,4109,QN63,Woodside
Queens,26100,4109,QN63,Woodside
Queens,26300,4109,QN63,Woodside
Queens,29300,4109,QN63,Woodside
Queens,29500,4109,QN63,Woodside
Queens,29700,4109,QN63,Woodside
Staten Island,15602,3901,SI01,Annadale-Huguenot-Prince's Bay-Eltingville
Staten Island,17005,3901,SI01,Annadale-Huguenot-Prince's Bay-Eltingville
Staten Island,17011,3901,SI01,Annadale-Huguenot-Prince's Bay-Eltingville
Staten Island,17012,3901,SI01,Annadale-Huguenot-Prince's Bay-Eltingville
Staten Island,17600,3901,SI01,Annadale-Huguenot-Prince's Bay-Eltingville
Staten Island,19800,3901,SI01,Annadale-Huguenot-Prince's Bay-Eltingville
Staten Island,17007,3901,SI48,Arden Heights
Staten Island,17008,3901,SI48,Arden Heights
Staten Island,17009,3901,SI48,Arden Heights
Staten Island,17010,3901,SI48,Arden Heights
Staten Island,22600,3901,SI11,Charleston-Richmond Valley-Tottenville
Staten Island,24401,3901,SI11,Charleston-Richmond Valley-Tottenville
Staten Island,24402,3901,SI11,Charleston-Richmond Valley-Tottenville
Staten Island,24800,3901,SI11,Charleston-Richmond Valley-Tottenville
Staten Island,1800,3902,SI14,Grasmere-Arrochar-Ft. Wadsworth
Staten Island,2002,3902,SI14,Grasmere-Arrochar-Ft. Wadsworth
Staten Island,5000,3902,SI14,Grasmere-Arrochar-Ft. Wadsworth
Staten Island,6400,3902,SI14,Grasmere-Arrochar-Ft. Wadsworth
Staten Island,7400,3902,SI14,Grasmere-Arrochar-Ft. Wadsworth
Staten Island,13203,3901,SI54,Great Kills
Staten Island,14604,3901,SI54,Great Kills
Staten Island,14605,3901,SI54,Great Kills
Staten Island,14606,3901,SI54,Great Kills
Staten Island,14607,3901,SI54,Great Kills
Staten Island,14608,3901,SI54,Great Kills
Staten Island,15601,3901,SI54,Great Kills
Staten Island,15603,3901,SI54,Great Kills
Staten Island,3300,3903,SI08,Grymes Hill-Clifton-Fox Hills
Staten Island,3900,3903,SI08,Grymes Hill-Clifton-Fox Hills
Staten Island,4000,3903,SI08,Grymes Hill-Clifton-Fox Hills
Staten Island,4700,3903,SI08,Grymes Hill-Clifton-Fox Hills
Staten Island,22300,3903,SI12,Mariner's Harbor-Arlington-Port Ivory-Graniteville
Staten Island,23100,3903,SI12,Mariner's Harbor-Arlington-Port Ivory-Graniteville
Staten Island,23900,3903,SI12,Mariner's Harbor-Arlington-Port Ivory-Graniteville
Staten Island,30301,3903,SI12,Mariner's Harbor-Arlington-Port Ivory-Graniteville
Staten Island,30302,3903,SI12,Mariner's Harbor-Arlington-Port Ivory-Graniteville
Staten Island,31901,3903,SI12,Mariner's Harbor-Arlington-Port Ivory-Graniteville
Staten Island,31902,3903,SI12,Mariner's Harbor-Arlington-Port Ivory-Graniteville
Staten Island,32300,3903,SI12,Mariner's Harbor-Arlington-Port Ivory-Graniteville
Staten Island,5900,3903,SI35,New Brighton-Silver Lake
Staten Island,6700,3903,SI35,New Brighton-Silver Lake
Staten Island,7500,3903,SI35,New Brighton-Silver Lake
Staten Island,10500,3903,SI35,New Brighton-Silver Lake
Staten Island,12100,3903,SI35,New Brighton-Silver Lake
Staten Island,11202,3902,SI45,New Dorp-Midland Beach
Staten Island,11402,3902,SI45,New Dorp-Midland Beach
Staten Island,12200,3902,SI45,New Dorp-Midland Beach
Staten Island,12804,3902,SI45,New Dorp-Midland Beach
Staten Island,13400,3902,SI45,New Dorp-Midland Beach
Staten Island,17300,3902,SI05,New Springville-Bloomfield-Travis
Staten Island,18702,3902,SI05,New Springville-Bloomfield-Travis
Staten Island,18902,3902,SI05,New Springville-Bloomfield-Travis
Staten Island,22800,3902,SI05,New Springville-Bloomfield-Travis
Staten Island,27301,3902,SI05,New Springville-Bloomfield-Travis
Staten Island,27302,3902,SI05,New Springville-Bloomfield-Travis
Staten Island,29102,3902,SI05,New Springville-Bloomfield-Travis
Staten Island,29103,3902,SI05,New Springville-Bloomfield-Travis
Staten Island,29104,3902,SI05,New Springville-Bloomfield-Travis
Staten Island,12805,3901,SI25,Oakwood-Oakwood Beach
Staten Island,12806,3901,SI25,Oakwood-Oakwood Beach
Staten Island,13201,3901,SI25,Oakwood-Oakwood Beach
Staten Island,13204,3901,SI25,Oakwood-Oakwood Beach
Staten Island,13800,3901,SI25,Oakwood-Oakwood Beach
Staten Island,7000,3902,SI36,Old Town-Dongan Hills-South Beach
Staten Island,9601,3902,SI36,Old Town-Dongan Hills-South Beach
Staten Island,9602,3902,SI36,Old Town-Dongan Hills-South Beach
Staten Island,11201,3902,SI36,Old Town-Dongan Hills-South Beach
Staten Island,11401,3902,SI36,Old Town-Dongan Hills-South Beach
Staten Island,15400,3901,SI99,park-cemetery-etc-Staten Island
Staten Island,990100,3901,SI99,park-cemetery-etc-Staten Island
Staten Island,20700,3903,SI28,Port Richmond
Staten Island,21300,3903,SI28,Port Richmond
Staten Island,24700,3903,SI28,Port Richmond
Staten Island,25100,3903,SI28,Port Richmond
Staten Island,20801,3901,SI32,Rossville-Woodrow
Staten Island,20803,3901,SI32,Rossville-Woodrow
Staten Island,20804,3901,SI32,Rossville-Woodrow
Staten Island,600,3903,SI37,Stapleton-Rosebank
Staten Island,800,3903,SI37,Stapleton-Rosebank
Staten Island,1700,3903,SI37,Stapleton-Rosebank
Staten Island,2001,3903,SI37,Stapleton-Rosebank
Staten Island,2100,3903,SI37,Stapleton-Rosebank
Staten Island,2700,3903,SI37,Stapleton-Rosebank
Staten Island,2900,3903,SI37,Stapleton-Rosebank
Staten Island,3600,3903,SI37,Stapleton-Rosebank
Staten Island,17700,3902,SI24,Todt Hill-Emerson Hill-Heartland Village-Lighthouse Hill
Staten Island,18100,3902,SI24,Todt Hill-Emerson Hill-Heartland Village-Lighthouse Hill
Staten Island,27702,3902,SI24,Todt Hill-Emerson Hill-Heartland Village-Lighthouse Hill
Staten Island,27704,3902,SI24,Todt Hill-Emerson Hill-Heartland Village-Lighthouse Hill
Staten Island,27705,3902,SI24,Todt Hill-Emerson Hill-Heartland Village-Lighthouse Hill
Staten Island,27706,3902,SI24,Todt Hill-Emerson Hill-Heartland Village-Lighthouse Hill
Staten Island,27900,3902,SI24,Todt Hill-Emerson Hill-Heartland Village-Lighthouse Hill
Staten Island,300,3903,SI22,West New Brighton-New Brighton-St. George
Staten Island,700,3903,SI22,West New Brighton-New Brighton-St. George
Staten Island,900,3903,SI22,West New Brighton-New Brighton-St. George
Staten Island,1100,3903,SI22,West New Brighton-New Brighton-St. George
Staten Island,7700,3903,SI22,West New Brighton-New Brighton-St. George
Staten Island,8100,3903,SI22,West New Brighton-New Brighton-St. George
Staten Island,8900,3903,SI22,West New Brighton-New Brighton-St. George
Staten Island,9700,3903,SI22,West New Brighton-New Brighton-St. George
Staten Island,12500,3903,SI22,West New Brighton-New Brighton-St. George
Staten Island,13301,3903,SI22,West New Brighton-New Brighton-St. George
Staten Island,13302,3903,SI22,West New Brighton-New Brighton-St. George
Staten Island,14100,3903,SI22,West New Brighton-New Brighton-St. George
Staten Island,14700,3903,SI07,Westerleigh
Staten Island,15100,3903,SI07,Westerleigh
Staten Island,16901,3903,SI07,Westerleigh
Staten Island,18701,3903,SI07,Westerleigh
Staten Island,18901,3903,SI07,Westerleigh
Staten Island,19700,3903,SI07,Westerleigh
Staten Island,20100,3903,SI07,Westerleigh